shipment_order_no,origin_sub_district_id,destination_sub_district_id,origin_subdistrict_name,origin_postal_code,destination_subdistrict_name,destination_postal_code,min_duration,max_duration,rate_code,min_sla_api,max_sla_api
TRD2022070900360,2046,76309,Bunigeulis,45556,Tumbang Rungan,73111,2,3,REG23,,
TRD2022070900505,2046,47729,Bunigeulis,45556,Penkase Oeleta,85231,2,3,REG23,,
TRD2022070900636,2046,73900,Bunigeulis,45556,Simorangkir Julu,22417,5,7,REG23,,
TRD2022070900767,2046,78216,Bunigeulis,45556,Pitulua,93915,3,5,REG23,,
TRD2022071300414,2046,8741,Bunigeulis,45556,Bugis,77312,3,5,REG23,,
TRD2022071400548,2046,60888,Bunigeulis,45556,Neusu Aceh,23244,2,3,REG23,,
TRD2022071400561,2046,54044,Bunigeulis,45556,Kuala Secapah,78914,3,5,REG23,,
TRD2022071400564,2046,1071,Bunigeulis,45556,Nunukan Utara,77482,3,5,REG23,,
TRD2022071500764,2046,38641,Bunigeulis,45556,Melak Ulu,75765,3,5,REG23,,
TRD2022071600272,2046,67067,Bunigeulis,45556,Lunyuk Rea,84373,10,1,REG23,,
TRD2022071800662,2046,1071,Bunigeulis,45556,Nunukan Utara,77482,3,5,REG23,,
TRD2022071801072,2046,36519,Bunigeulis,45556,Carebbu,92776,5,7,REG23,,
TRD2022071801194,2046,37120,Bunigeulis,45556,Hamdan,20151,2,3,REG23,,
TRD2022071801833,2046,27327,Bunigeulis,45556,Balebandung Jaya,41262,4,5,REG23,,
TRD2022071905553,2046,74400,Bunigeulis,45556,Babakan,41174,3,4,REG23,,
TRD2022072000722,2046,36813,Bunigeulis,45556,Baraya,90153,1,2,REG23,,
TRD2022072000788,2046,8741,Bunigeulis,45556,Bugis,77312,3,5,REG23,,
TRD2022072001049,2046,37458,Bunigeulis,45556,Mbongawani,86313,3,5,REG23,,
TRD2022072001088,2046,72959,Bunigeulis,45556,Kusambi,72214,3,5,REG23,,
TRD2022072001473,2046,60888,Bunigeulis,45556,Neusu Aceh,23244,2,3,REG23,,
TRD2022072100720,2046,61837,Bunigeulis,45556,Barurambat Kota (Barkot),69317,2,3,REG23,,
TRD2022072100924,2046,24552,Bunigeulis,45556,Karangsari,41253,4,5,REG23,,
TRD2022072100979,2046,54453,Bunigeulis,45556,Topang,28755,10,1,REG23,,
TRD2022072101813,2046,34035,Bunigeulis,45556,Purwosari,63319,2,3,REG23,,
TRD2022072101861,2046,43591,Bunigeulis,45556,Batu Ampar,76136,2,3,REG23,,
TRD2022072201630,2046,1071,Bunigeulis,45556,Nunukan Utara,77482,3,5,REG23,,
TRD2022072301376,2046,11239,Bunigeulis,45556,Ampenan Selatan,83114,1,2,REG23,,
TRD2022072508320,2046,1071,Bunigeulis,45556,Nunukan Utara,77482,3,5,REG23,,
TRD2022072508416,2046,1071,Bunigeulis,45556,Nunukan Utara,77482,3,5,REG23,,
TRD2022072508451,2046,20342,Bunigeulis,45556,Minas Jaya,28685,3,5,REG23,,
TRD2022072508526,2046,12651,Bunigeulis,45556,Faobata,86419,3,5,REG23,,
TRD2022072508693,2046,29507,Bunigeulis,45556,Gunung Barani,22952,3,5,REG23,,
TRD2022072508717,2046,12651,Bunigeulis,45556,Faobata,86419,3,5,REG23,,
TRD2022072508796,2046,55190,Bunigeulis,45556,Sidomulyo,75555,10,1,REG23,,
TRD2022072509266,2046,1071,Bunigeulis,45556,Nunukan Utara,77482,3,5,REG23,,
TRD2022072510673,2046,1071,Bunigeulis,45556,Nunukan Utara,77482,3,5,REG23,,
TRD2022072600872,2046,77842,Bunigeulis,45556,Palae,92661,5,7,REG23,,
TRD2022072600909,2046,26503,Bunigeulis,45556,Batubilotahu Indah,96266,3,5,REG23,,
TRD2022072600933,2046,595,Bunigeulis,45556,Batu Ampar,34595,5,7,REG23,,
TRD2022072601025,2046,85402,Bunigeulis,45556,Lolo,76251,3,5,REG23,,
TRD2022072601052,2046,71767,Bunigeulis,45556,Lhok Merbo (Meureubo),24377,5,7,REG23,,
TRD2022072601406,2046,8741,Bunigeulis,45556,Bugis,77312,3,5,REG23,,
TRD2022072701570,2046,10766,Bunigeulis,45556,Bara-Baraya Timur,90143,1,2,REG23,,
TRD2022072701798,2046,76309,Bunigeulis,45556,Tumbang Rungan,73111,2,3,REG23,,
TRD2022072702400,2046,1071,Bunigeulis,45556,Nunukan Utara,77482,3,5,REG23,,
TRD2022072801139,2046,10425,Bunigeulis,45556,Akcaya,78121,2,3,REG23,,
TRD2022072901678,2046,85617,Bunigeulis,45556,Ciawi,45161,2,3,REG23,,
TRD2022073000639,2046,85601,Bunigeulis,45556,Pulo Sanggar,24651,5,7,REG23,,
TRD2022073000666,2046,12476,Bunigeulis,45556,Senawang,84373,3,6,REG23,,
TRD2022080101764,2046,854,Bunigeulis,45556,Maluo,22864,3,5,REG23,,
TRD2022080104201,2046,15742,Bunigeulis,45556,Tlogomas,65144,1,2,REG23,,
TRD2022080301247,2046,71,Bunigeulis,45556,Jatianom,45166,2,3,REG23,,
TRD2022080301424,2046,25949,Bunigeulis,45556,Lowa,93573,5,7,REG23,,
TRD2022080301452,2046,47729,Bunigeulis,45556,Penkase Oeleta,85231,2,3,REG23,,
TRD2022080301893,2046,73347,Bunigeulis,45556,Kaplonganlor,45283,2,3,REG23,,
TRD2022080401090,2046,92501,Bunigeulis,45556,Pasar Sukadana,34182,5,7,REG23,,
TRD2022080401595,2046,54740,Bunigeulis,45556,Batulicin,72271,3,5,REG23,,
TRD2022080401661,2046,54478,Bunigeulis,45556,Basirih Selatan,70245,2,3,REG23,,
TRD2022080401701,2046,84817,Bunigeulis,45556,Benoa,80361,1,2,REG23,,
TRD2022080401793,2046,46356,Bunigeulis,45556,Bambu,91514,3,5,REG23,,
TRD2022080402244,2046,2059,Bunigeulis,45556,Gunung Jati,93125,2,3,REG23,,
TRD2022080501847,2046,7597,Bunigeulis,45556,Melasu Baru,77482,5,7,REG23,,
TRD2022080600555,2046,66330,Bunigeulis,45556,Karya Ambalutu,21262,5,7,REG23,,
TRD2022080600959,2046,42147,Bunigeulis,45556,Suak Ie Beusou,23652,5,7,REG23,,
TRD2022080602348,2046,66330,Bunigeulis,45556,Karya Ambalutu,21262,5,7,REG23,,
TRD2022080801247,2046,77842,Bunigeulis,45556,Palae,92661,5,7,REG23,,
TRD2022080802247,2046,25075,Bunigeulis,45556,Embu Ngena,86319,3,5,REG23,,
TRD2022081102138,2046,54478,Bunigeulis,45556,Basirih Selatan,70245,2,3,REG23,,
TRD2022081201135,49964,78915,Grogol,11450,Tri Manunggal,28464,2,3,REG23,,
TRD2022081300805,2046,37276,Bunigeulis,45556,Birobuli Utara,94231,2,3,REG23,,
TRD2022081301474,2046,37276,Bunigeulis,45556,Birobuli Utara,94231,2,3,REG23,,
TRD2022081502219,2046,8741,Bunigeulis,45556,Bugis,77312,3,5,REG23,,
TRD2022081502336,2046,1279,Bunigeulis,45556,Tanjung Selor Ilir/Hilir,77212,3,5,REG23,,
TRD2022081700779,2046,704,Bunigeulis,45556,Darat Sekip,78117,2,3,REG23,,
TRD2022081701545,2046,37276,Bunigeulis,45556,Birobuli Utara,94231,2,3,REG23,,
TRD2022081701666,2046,704,Bunigeulis,45556,Darat Sekip,78117,2,3,REG23,,
TRD2022081701700,2046,20382,Bunigeulis,45556,Geuceu Komplek,23239,2,3,REG23,,
TRD2022081900718,49964,7597,Grogol,11450,Melasu Baru,77482,5,7,REG23,,
TRD2022081901064,49964,48766,Grogol,11450,Donggala Kodi,94226,2,3,REG23,,
TRD2022081901821,2046,45207,Bunigeulis,45556,Kuipon (Kuipons),99361,2,4,REG23,,
TRD2022081902306,2046,37276,Bunigeulis,45556,Birobuli Utara,94231,2,3,REG23,,
TRD2022081902346,2046,11725,Bunigeulis,45556,Barumbung,91352,5,7,REG23,,
TRD2022082000479,2046,77842,Bunigeulis,45556,Palae,92661,5,7,REG23,,
TRD2022082000594,2046,9427,Bunigeulis,45556,Kota Bangun,20243,2,3,REG23,,
TRD2022082201694,2046,47729,Bunigeulis,45556,Penkase Oeleta,85231,2,3,REG23,,
TRD2022082201799,2046,8741,Bunigeulis,45556,Bugis,77312,3,5,REG23,,
TRD2022082201941,2046,8741,Bunigeulis,45556,Bugis,77312,3,5,REG23,,
TRD2022082202059,2046,60888,Bunigeulis,45556,Neusu Aceh,23244,2,3,REG23,,
TRD2022082204952,2046,1279,Bunigeulis,45556,Tanjung Selor Ilir/Hilir,77212,3,5,REG23,,
TRD2022082204973,2046,8741,Bunigeulis,45556,Bugis,77312,3,5,REG23,,
TRD2022082204999,2046,47729,Bunigeulis,45556,Penkase Oeleta,85231,2,3,REG23,,
TRD2022082205194,2046,1279,Bunigeulis,45556,Tanjung Selor Ilir/Hilir,77212,3,5,REG23,,
TRD2022082302954,2046,33429,Bunigeulis,45556,Biru,92714,5,7,REG23,,
TRD2022082303913,2046,38641,Bunigeulis,45556,Melak Ulu,75765,3,5,REG23,,
TRD2022082304052,2046,37458,Bunigeulis,45556,Mbongawani,86313,3,5,REG23,,
TRD2022082304064,2046,47729,Bunigeulis,45556,Penkase Oeleta,85231,2,3,REG23,,
TRD2022082304861,2046,6151,Bunigeulis,45556,Skow Mabo (Skouw Mabo ),99351,2,4,REG23,,
TRD2022082400834,2046,30929,Bunigeulis,45556,Kampung Baru,35149,2,3,REG23,,
TRD2022082401007,2046,86431,Bunigeulis,45556,Kayu Putih,85228,2,3,REG23,,
TRD2022082401544,2046,47729,Bunigeulis,45556,Penkase Oeleta,85231,2,3,REG23,,
TRD2022082402986,2046,12651,Bunigeulis,45556,Faobata,86419,3,5,REG23,,
TRD2022082403003,2046,86068,Bunigeulis,45556,Bojong Tengah,41255,4,5,REG23,,
TRD2022082403065,2046,3749,Bunigeulis,45556,Pondok Butun,72211,3,5,REG23,,
TRD2022082403640,2046,2059,Bunigeulis,45556,Gunung Jati,93125,2,3,REG23,,
TRD2022082501677,49964,2303,Grogol,11450,Malinau Hulu,77554,3,5,REG23,,
TRD2022082502374,2046,28781,Bunigeulis,45556,Bukit Tunggal,73112,2,3,REG23,,
TRD2022082502750,2046,54643,Bunigeulis,45556,Pal Lima,78114,2,3,REG23,,
TRD2022082503123,2046,85601,Bunigeulis,45556,Pulo Sanggar,24651,5,7,REG23,,
TRD2022082503223,2046,33429,Bunigeulis,45556,Biru,92714,5,7,REG23,,
TRD2022082504262,2046,33808,Bunigeulis,45556,Loktabat Utara,70714,2,3,REG23,,
TRD2022082506188,2046,37613,Bunigeulis,45556,Bunder,41161,2,3,REG23,,
TRD2022082600982,2046,47729,Bunigeulis,45556,Penkase Oeleta,85231,2,3,REG23,,
TRD2022082601031,2046,51330,Bunigeulis,45556,Lancang Kuning,29152,3,5,REG23,,
TRD2022082601060,2046,37098,Bunigeulis,45556,Pondong Baru,76281,5,7,REG23,,
TRD2022082601297,2046,47729,Bunigeulis,45556,Penkase Oeleta,85231,2,3,REG23,,
TRD2022082603010,49964,78915,Grogol,11450,Tri Manunggal,28464,2,3,REG23,,
TRD2022082701199,49964,78915,Grogol,11450,Tri Manunggal,28464,2,3,REG23,,
TRD2022082701316,49964,78915,Grogol,11450,Tri Manunggal,28464,2,3,REG23,,
TRD2022082701332,49964,23951,Grogol,11450,Mekar Baru,78391,1,2,REG23,,
TRD2022082701788,2046,47729,Bunigeulis,45556,Penkase Oeleta,85231,2,3,REG23,,
TRD2022082702616,2046,8741,Bunigeulis,45556,Bugis,77312,3,5,REG23,,
TRD2022082702704,2046,84687,Bunigeulis,45556,Bira,90243,1,2,REG23,,
TRD2022082902537,49964,9439,Grogol,11450,Datar Luas,23654,2,3,REG23,,
TRD2022082902651,49964,54740,Grogol,11450,Batulicin,72271,3,5,REG23,,
TRD2022082903324,2046,42682,Bunigeulis,45556,Halimpu,45172,2,3,REG23,,
TRD2022082904428,2046,32232,Bunigeulis,45556,Janji,22457,3,5,REG23,,
TRD2022082904772,2046,47729,Bunigeulis,45556,Penkase Oeleta,85231,2,3,REG23,,
TRD2022082906964,2046,11239,Bunigeulis,45556,Ampenan Selatan,83114,1,2,REG23,,
TRD2022082907182,2046,80126,Bunigeulis,45556,Banjar Serasan,78233,2,3,REG23,,
TRD2022083002787,2046,85883,Bunigeulis,45556,Rajabasa Raya,35142,2,3,REG23,,
TRD2022083003789,2046,47729,Bunigeulis,45556,Penkase Oeleta,85231,2,3,REG23,,
TRD2022083006085,2046,53660,Bunigeulis,45556,So E (Soe),85519,3,5,REG23,,
TRD2022083006087,2046,79551,Bunigeulis,45556,Anggrung,20152,2,3,REG23,,
TRD2022083006668,2046,9427,Bunigeulis,45556,Kota Bangun,20243,2,3,REG23,,
TRD2022083100844,2046,11892,Bunigeulis,45556,Babulu,85766,10,1,REG23,,
TRD2022083100946,2046,85601,Bunigeulis,45556,Pulo Sanggar,24651,5,7,REG23,,
TRD2022083101098,2046,74400,Bunigeulis,45556,Babakan,41174,3,4,REG23,,
TRD2022083101127,2046,7128,Bunigeulis,45556,Baadale,85912,3,5,REG23,,
TRD2022083101987,2046,68467,Bunigeulis,45556,Kulim,28286,2,3,REG23,,
TRD2022083102006,2046,85021,Bunigeulis,45556,Bua Kana,90222,1,2,REG23,,
TRD2022083102009,2046,41173,Bunigeulis,45556,Mulya Bakti,37262,5,7,REG23,,
TRD2022083102016,2046,1279,Bunigeulis,45556,Tanjung Selor Ilir/Hilir,77212,3,5,REG23,,
TRD2022083102038,2046,79769,Bunigeulis,45556,27 Ilir,30141,2,3,REG23,,
TRD2022083102054,2046,58546,Bunigeulis,45556,Delima,28291,2,3,REG23,,
TRD2022083102057,2046,57094,Bunigeulis,45556,1 Ulu,30257,2,3,REG23,,
TRD2022083102205,2046,68467,Bunigeulis,45556,Kulim,28286,2,3,REG23,,
TRD2022083102262,2046,58843,Bunigeulis,45556,Kebun Bunga,30151,2,3,REG23,,
TRD2022083102266,2046,11616,Bunigeulis,45556,Baloi Permai,29431,2,3,REG23,,
TRD2022083102384,2046,15852,Bunigeulis,45556,Mayang Mangurai,36129,2,3,REG23,,
TRD2022090201845,2758,12651,Pekayon Jaya,17148,Faobata,86419,3,5,REG23,,
TRD2022090202033,2758,66330,Pekayon Jaya,17148,Karya Ambalutu,21262,3,6,REG23,,
TRD2022090202444,2046,47729,Bunigeulis,45556,Penkase Oeleta,85231,2,3,REG23,,
TRD2022090202763,2758,4007,Pekayon Jaya,17148,Jatibarang,45273,2,3,REG23,,
TRD2022090301591,2758,2059,Pekayon Jaya,17148,Gunung Jati,93125,2,3,REG23,,
TRD2022090301700,2758,84817,Pekayon Jaya,17148,Benoa,80361,1,2,REG23,,
TRD2022090302884,2046,71484,Bunigeulis,45556,Sungai Nangka,76114,2,3,REG23,,
TRD2022090500805,2758,71654,Pekayon Jaya,17148,Kampung Bugis,29115,1,2,REG23,,
TRD2022090500896,2758,34190,Pekayon Jaya,17148,Ateuk Jawo,23245,1,2,REG23,,
TRD2022090501391,2758,66330,Pekayon Jaya,17148,Karya Ambalutu,21262,3,6,REG23,,
TRD2022090501478,2758,76179,Pekayon Jaya,17148,Kota Baringin (Beringin),22521,2,3,REG23,,
TRD2022090504928,2046,84817,Bunigeulis,45556,Benoa,80361,1,2,REG23,,
TRD2022090602172,2046,8741,Bunigeulis,45556,Bugis,77312,3,5,REG23,,
TRD2022090602613,2758,66330,Pekayon Jaya,17148,Karya Ambalutu,21262,3,6,REG23,,
TRD2022090700317,2758,47729,Pekayon Jaya,17148,Penkase Oeleta,85231,2,3,REG23,,
TRD2022090700945,2758,2303,Pekayon Jaya,17148,Malinau Hulu,77554,3,5,REG23,,
TRD2022090701072,2758,84817,Pekayon Jaya,17148,Benoa,80361,1,2,REG23,,
TRD2022090702698,2046,34190,Bunigeulis,45556,Ateuk Jawo,23245,2,3,REG23,,
TRD2022090801120,2046,47729,Bunigeulis,45556,Penkase Oeleta,85231,2,3,REG23,,
TRD2022090901308,2758,11725,Pekayon Jaya,17148,Barumbung,91352,5,7,REG23,,
TRD2022090903588,2046,8741,Bunigeulis,45556,Bugis,77312,3,5,REG23,,
TRD2022091000408,2758,57916,Pekayon Jaya,17148,Lalodati,93115,2,3,REG23,,
TRD2022091001077,2758,32232,Pekayon Jaya,17148,Janji,22457,2,3,REG23,,
TRD2022091001377,2758,15457,Pekayon Jaya,17148,Allepolea,90514,5,7,REG23,,
TRD2022091002572,2046,84817,Bunigeulis,45556,Benoa,80361,1,2,REG23,,
TRD2022091002599,2046,85601,Bunigeulis,45556,Pulo Sanggar,24651,5,7,REG23,,
TRD2022091003272,2046,47729,Bunigeulis,45556,Penkase Oeleta,85231,2,3,REG23,,
TRD2022091200729,2758,52627,Pekayon Jaya,17148,Siojo,22742,3,6,REG23,,
TRD2022091202673,2758,37276,Pekayon Jaya,17148,Birobuli Utara,94231,2,3,REG23,,
TRD2022091202690,2758,66330,Pekayon Jaya,17148,Karya Ambalutu,21262,3,6,REG23,,
TRD2022091202995,2758,8741,Pekayon Jaya,17148,Bugis,77312,3,5,REG23,,
TRD2022091203050,2758,11239,Pekayon Jaya,17148,Ampenan Selatan,83114,1,2,REG23,,
TRD2022091203933,2758,10425,Pekayon Jaya,17148,Akcaya,78121,1,2,REG23,,
TRD2022091203977,2758,54643,Pekayon Jaya,17148,Pal Lima,78114,1,2,REG23,,
TRD2022091204363,2758,54478,Pekayon Jaya,17148,Basirih Selatan,70245,1,2,REG23,,
TRD2022091204863,2046,46629,Bunigeulis,45556,Sei/Sungai Alam,28711,3,5,REG23,,
TRD2022091205056,2046,85216,Bunigeulis,45556,Panjer,80113,1,2,REG23,,
TRD2022091206199,2758,54740,Pekayon Jaya,17148,Batulicin,72271,3,5,REG23,,
TRD2022091301400,2046,44885,Bunigeulis,45556,Ume Lah,24653,5,7,REG23,,
TRD2022091302696,2758,68210,Pekayon Jaya,17148,Trate,61114,1,2,REG23,,
TRD2022091302833,2758,78915,Pekayon Jaya,17148,Tri Manunggal,28464,2,3,REG23,,
TRD2022091302861,2758,78915,Pekayon Jaya,17148,Tri Manunggal,28464,2,3,REG23,,
TRD2022091302904,2758,66330,Pekayon Jaya,17148,Karya Ambalutu,21262,3,6,REG23,,
TRD2022091303246,2758,1279,Pekayon Jaya,17148,Tanjung Selor Ilir/Hilir,77212,3,5,REG23,,
TRD2022091303360,2758,66330,Pekayon Jaya,17148,Karya Ambalutu,21262,3,6,REG23,,
TRD2022091303874,2046,59212,Bunigeulis,45556,Baebunta,92965,5,7,REG23,,
TRD2022091401185,2046,85634,Bunigeulis,45556,Pejagan,69119,2,3,REG23,,
TRD2022091401565,2758,66330,Pekayon Jaya,17148,Karya Ambalutu,21262,3,6,REG23,,
TRD2022091401597,2758,2059,Pekayon Jaya,17148,Gunung Jati,93125,2,3,REG23,,
TRD2022091401622,2758,78915,Pekayon Jaya,17148,Tri Manunggal,28464,2,3,REG23,,
TRD2022091401675,2758,87003,Pekayon Jaya,17148,Bongopini,96121,2,3,REG23,,
TRD2022091401698,2758,47729,Pekayon Jaya,17148,Penkase Oeleta,85231,2,3,REG23,,
TRD2022091403061,2758,42522,Pekayon Jaya,17148,Bengkol,95251,2,3,REG23,,
TRD2022091500362,2758,1279,Pekayon Jaya,17148,Tanjung Selor Ilir/Hilir,77212,3,5,REG23,,
TRD2022091501312,2046,68679,Bunigeulis,45556,Tete Uri,92955,5,7,REG23,,
TRD2022091501483,2758,15457,Pekayon Jaya,17148,Allepolea,90514,5,7,REG23,,
TRD2022091501549,2758,2431,Pekayon Jaya,17148,Gunung Panjang,75131,2,3,REG23,,
TRD2022091501584,2758,78915,Pekayon Jaya,17148,Tri Manunggal,28464,2,3,REG23,,
TRD2022091501943,2758,66330,Pekayon Jaya,17148,Karya Ambalutu,21262,3,6,REG23,,
TRD2022091502319,2758,1279,Pekayon Jaya,17148,Tanjung Selor Ilir/Hilir,77212,3,5,REG23,,
TRD2022091502590,2758,78915,Pekayon Jaya,17148,Tri Manunggal,28464,2,3,REG23,,
TRD2022091502885,2758,23951,Pekayon Jaya,17148,Mekar Baru,78391,1,2,REG23,,
TRD2022091503612,2046,1279,Bunigeulis,45556,Tanjung Selor Ilir/Hilir,77212,3,5,REG23,,
TRD2022091601823,2758,78915,Pekayon Jaya,17148,Tri Manunggal,28464,2,3,REG23,,
TRD2022091603655,2046,38641,Bunigeulis,45556,Melak Ulu,75765,3,5,REG23,,
TRD2022091702158,2758,78915,Pekayon Jaya,17148,Tri Manunggal,28464,2,3,REG23,,
TRD2022091703460,2046,17286,Bunigeulis,45556,Teluk Lingga,75683,3,5,REG23,,
TRD2022091900992,2758,66330,Pekayon Jaya,17148,Karya Ambalutu,21262,3,6,REG23,,
TRD2022091902920,2758,54478,Pekayon Jaya,17148,Basirih Selatan,70245,1,2,REG23,,
TRD2022091903013,2758,1279,Pekayon Jaya,17148,Tanjung Selor Ilir/Hilir,77212,3,5,REG23,,
TRD2022091903215,2758,15594,Pekayon Jaya,17148,Bentengnge,91221,5,7,REG23,,
TRD2022091903395,2046,47729,Bunigeulis,45556,Penkase Oeleta,85231,2,3,REG23,,
TRD2022091903961,2758,11725,Pekayon Jaya,17148,Barumbung,91352,5,7,REG23,,
TRD2022091904018,2758,78915,Pekayon Jaya,17148,Tri Manunggal,28464,2,3,REG23,,
TRD2022091904415,2758,47729,Pekayon Jaya,17148,Penkase Oeleta,85231,2,3,REG23,,
TRD2022091905556,2046,2431,Bunigeulis,45556,Gunung Panjang,75131,2,3,REG23,,
TRD2022091905782,2046,46629,Bunigeulis,45556,Sei/Sungai Alam,28711,3,5,REG23,,
TRD2022092001329,2758,54643,Pekayon Jaya,17148,Pal Lima,78114,1,2,REG23,,
TRD2022092001497,2758,9427,Pekayon Jaya,17148,Kota Bangun,20243,1,2,REG23,,
TRD2022092002813,2758,86407,Pekayon Jaya,17148,Sukaharja,78813,3,5,REG23,,
TRD2022092003660,2046,30089,Bunigeulis,45556,Beranun Teleden,24582,5,7,REG23,,
TRD2022092101279,2758,47729,Pekayon Jaya,17148,Penkase Oeleta,85231,2,3,REG23,,
TRD2022092101512,2758,36519,Pekayon Jaya,17148,Carebbu,92776,5,7,REG23,,
TRD2022092102156,2758,66330,Pekayon Jaya,17148,Karya Ambalutu,21262,3,6,REG23,,
TRD2022092103010,2046,8741,Bunigeulis,45556,Bugis,77312,3,5,REG23,,
TRD2022092103370,2046,66330,Bunigeulis,45556,Karya Ambalutu,21262,5,7,REG23,,
TRD2022092103880,2046,66330,Bunigeulis,45556,Karya Ambalutu,21262,5,7,REG23,,
TRD2022092103967,2046,38641,Bunigeulis,45556,Melak Ulu,75765,3,5,REG23,,
TRD2022092201097,2046,39610,Bunigeulis,45556,Merdeka,85362,3,5,REG23,,
TRD2022092201103,2046,704,Bunigeulis,45556,Darat Sekip,78117,2,3,REG23,,
TRD2022092201464,2046,84058,Bunigeulis,45556,Jaibaru Timur,84119,2,3,REG23,,
TRD2022092201827,2758,66330,Pekayon Jaya,17148,Karya Ambalutu,21262,3,6,REG23,,
TRD2022092201931,2758,78915,Pekayon Jaya,17148,Tri Manunggal,28464,2,3,REG23,,
TRD2022092202753,2758,78915,Pekayon Jaya,17148,Tri Manunggal,28464,2,3,REG23,,
TRD2022092203724,2046,79292,Bunigeulis,45556,Kalembu Kuni,87217,3,5,REG23,,
TRD2022092204327,2046,1279,Bunigeulis,45556,Tanjung Selor Ilir/Hilir,77212,3,5,REG23,,
TRD2022092300491,2758,80206,Pekayon Jaya,17148,Bandar Baru,23126,1,2,REG23,,
TRD2022092301303,2758,66330,Pekayon Jaya,17148,Karya Ambalutu,21262,3,6,REG23,,
TRD2022092301360,2758,65988,Pekayon Jaya,17148,Klademak,98416,2,4,REG23,,
TRD2022092302249,2758,23951,Pekayon Jaya,17148,Mekar Baru,78391,1,2,REG23,,
TRD2022092302921,2046,63779,Bunigeulis,45556,Tulungagung,45274,2,3,REG23,,
TRD2022092401180,2758,37276,Pekayon Jaya,17148,Birobuli Utara,94231,2,3,REG23,,
TRD2022092401593,2046,85601,Bunigeulis,45556,Pulo Sanggar,24651,5,7,REG23,,
TRD2022092401756,2046,37276,Bunigeulis,45556,Birobuli Utara,94231,2,3,REG23,,
TRD2022092401775,2046,52627,Bunigeulis,45556,Siojo,22742,5,7,REG23,,
TRD2022092402121,2758,84817,Pekayon Jaya,17148,Benoa,80361,1,2,REG23,,
TRD2022092402125,2758,45248,Pekayon Jaya,17148,Rante Angin,92982,5,7,REG23,,
TRD2022092402137,2758,12651,Pekayon Jaya,17148,Faobata,86419,3,5,REG23,,
TRD2022092402245,2758,6482,Pekayon Jaya,17148,Bojongsari,45214,2,3,REG23,,
TRD2022092403439,2758,2303,Pekayon Jaya,17148,Malinau Hulu,77554,3,5,REG23,,
TRD2022092403538,2046,68491,Bunigeulis,45556,Pejagan (Pajagan),69112,2,3,REG23,,
TRD2022092403585,2046,84058,Bunigeulis,45556,Jaibaru Timur,84119,2,3,REG23,,
TRD2022092403916,2758,2059,Pekayon Jaya,17148,Gunung Jati,93125,2,3,REG23,,
TRD2022092600537,2758,78915,Pekayon Jaya,17148,Tri Manunggal,28464,2,3,REG23,,
TRD2022092600675,2758,52627,Pekayon Jaya,17148,Siojo,22742,3,6,REG23,,
TRD2022092601748,2758,46629,Pekayon Jaya,17148,Sei/Sungai Alam,28711,2,3,REG23,,
TRD2022092603047,2758,84817,Pekayon Jaya,17148,Benoa,80361,1,2,REG23,,
TRD2022092603330,2758,8741,Pekayon Jaya,17148,Bugis,77312,3,5,REG23,,
TRD2022092605598,2758,65988,Pekayon Jaya,17148,Klademak,98416,2,4,REG23,,
TRD2022092607257,2758,84817,Pekayon Jaya,17148,Benoa,80361,1,2,REG23,,
TRD2022092608257,2758,1247,Pekayon Jaya,17148,Wawolatoma,93461,5,7,REG23,,
TRD2022092700253,2758,78915,Pekayon Jaya,17148,Tri Manunggal,28464,2,3,REG23,,
TRD2022092701320,2758,78915,Pekayon Jaya,17148,Tri Manunggal,28464,2,3,REG23,,
TRD2022092701501,2758,66330,Pekayon Jaya,17148,Karya Ambalutu,21262,3,6,REG23,,
TRD2022092702323,2758,78915,Pekayon Jaya,17148,Tri Manunggal,28464,2,3,REG23,,
TRD2022092702782,2758,2059,Pekayon Jaya,17148,Gunung Jati,93125,2,3,REG23,,
TRD2022092802064,2758,15457,Pekayon Jaya,17148,Allepolea,90514,5,7,REG23,,
TRD2022092802625,2758,78915,Pekayon Jaya,17148,Tri Manunggal,28464,2,3,REG23,,
TRD2022092802738,2758,85883,Pekayon Jaya,17148,Rajabasa Raya,35142,1,2,REG23,,
TRD2022092803436,2758,4007,Pekayon Jaya,17148,Jatibarang,45273,2,3,REG23,,
TRD2022092900299,2758,78915,Pekayon Jaya,17148,Tri Manunggal,28464,2,3,REG23,,
TRD2022092901271,2758,47729,Pekayon Jaya,17148,Penkase Oeleta,85231,2,3,REG23,,
TRD2022092901984,2758,86407,Pekayon Jaya,17148,Sukaharja,78813,3,5,REG23,,
TRD2022092902089,2758,66330,Pekayon Jaya,17148,Karya Ambalutu,21262,3,6,REG23,,
TRD2022092902885,2758,80126,Pekayon Jaya,17148,Banjar Serasan,78233,1,2,REG23,,
TRD2022092903383,2758,47729,Pekayon Jaya,17148,Penkase Oeleta,85231,2,3,REG23,,
TRD2022092903736,2046,47729,Bunigeulis,45556,Penkase Oeleta,85231,2,3,REG23,,
TRD2022093001182,2758,704,Pekayon Jaya,17148,Darat Sekip,78117,1,2,REG23,,
TRD2022093002275,2758,20382,Pekayon Jaya,17148,Geuceu Komplek,23239,1,2,REG23,,
TRD2022093002359,2758,48766,Pekayon Jaya,17148,Donggala Kodi,94226,2,3,REG23,,
TRD2022093002547,2758,1279,Pekayon Jaya,17148,Tanjung Selor Ilir/Hilir,77212,3,5,REG23,,
TRD2022100100309,2758,66330,Pekayon Jaya,17148,Karya Ambalutu,21262,3,6,REG23,,
TRD2022100100940,2758,86407,Pekayon Jaya,17148,Sukaharja,78813,3,5,REG23,,
TRD2022100302296,2758,80206,Pekayon Jaya,17148,Bandar Baru,23126,1,2,REG23,,
TRD2022100303048,2758,84817,Pekayon Jaya,17148,Benoa,80361,1,2,REG23,,
TRD2022100303351,2758,23951,Pekayon Jaya,17148,Mekar Baru,78391,1,2,REG23,,
TRD2022100400633,2758,6703,Pekayon Jaya,17148,Kayumalue Ngapa,94146,2,3,REG23,,
TRD2022100400803,2758,78915,Pekayon Jaya,17148,Tri Manunggal,28464,2,3,REG23,,
TRD2022100402658,2758,52147,Pekayon Jaya,17148,Kaliwulu,45154,1,2,REG23,,
TRD2022100403042,2046,10766,Bunigeulis,45556,Bara-Baraya Timur,90143,1,2,REG23,,
TRD2022100501650,2758,6151,Pekayon Jaya,17148,Skow Mabo (Skouw Mabo ),99351,6,9,REG23,,
TRD2022100501771,2758,42522,Pekayon Jaya,17148,Bengkol,95251,2,3,REG23,,
TRD2022100502038,2758,31593,Pekayon Jaya,17148,Meral Kota,29664,3,6,REG23,,
TRD2022100503249,2758,54643,Pekayon Jaya,17148,Pal Lima,78114,1,2,REG23,,
TRD2022100503688,2046,704,Bunigeulis,45556,Darat Sekip,78117,2,3,REG23,,
TRD2022100503772,2046,28781,Bunigeulis,45556,Bukit Tunggal,73112,2,3,REG23,,
TRD2022100600873,2758,66330,Pekayon Jaya,17148,Karya Ambalutu,21262,3,6,REG23,,
TRD2022100602214,2758,79216,Pekayon Jaya,17148,Sipange Julu,22774,3,6,REG23,,
TRD2022100602308,2758,704,Pekayon Jaya,17148,Darat Sekip,78117,1,2,REG23,,
TRD2022100701676,2758,2059,Pekayon Jaya,17148,Gunung Jati,93125,2,3,REG23,,
TRD2022100702408,2758,37276,Pekayon Jaya,17148,Birobuli Utara,94231,2,3,REG23,,
TRD2022100702648,2758,86407,Pekayon Jaya,17148,Sukaharja,78813,3,5,REG23,,
TRD2022100800550,2758,68491,Pekayon Jaya,17148,Pejagan (Pajagan),69112,2,3,REG23,,
TRD2022100800600,2758,6482,Pekayon Jaya,17148,Bojongsari,45214,2,3,REG23,,
TRD2022100801792,2758,23951,Pekayon Jaya,17148,Mekar Baru,78391,1,2,REG23,,
TRD2022100802125,2046,8741,Bunigeulis,45556,Bugis,77312,3,5,REG23,,
TRD2022101000319,2758,66330,Pekayon Jaya,17148,Karya Ambalutu,21262,3,6,REG23,,
TRD2022101001664,2758,66330,Pekayon Jaya,17148,Karya Ambalutu,21262,3,6,REG23,,
TRD2022101002087,2758,66330,Pekayon Jaya,17148,Karya Ambalutu,21262,3,6,REG23,,
TRD2022101002327,2758,78915,Pekayon Jaya,17148,Tri Manunggal,28464,2,3,REG23,,
TRD2022101003531,2046,10720,Bunigeulis,45556,Tingkulu,95117,2,3,REG23,,
TRD2022101004949,2758,66330,Pekayon Jaya,17148,Karya Ambalutu,21262,3,6,REG23,,
TRD2022101102049,2758,3749,Pekayon Jaya,17148,Pondok Butun,72211,3,5,REG23,,
TRD2022101102058,2758,47729,Pekayon Jaya,17148,Penkase Oeleta,85231,2,3,REG23,,
TRD2022101102197,2758,6482,Pekayon Jaya,17148,Bojongsari,45214,2,3,REG23,,
TRD2022101201409,2758,47729,Pekayon Jaya,17148,Penkase Oeleta,85231,2,3,REG23,,
TRD2022101201596,2758,12651,Pekayon Jaya,17148,Faobata,86419,3,5,REG23,,
TRD2022101201618,2758,78915,Pekayon Jaya,17148,Tri Manunggal,28464,2,3,REG23,,
TRD2022101201678,2758,75089,Pekayon Jaya,17148,Lamaru,76117,1,2,REG23,,
TRD2022101201708,2758,23951,Pekayon Jaya,17148,Mekar Baru,78391,1,2,REG23,,
TRD2022101201814,2758,31593,Pekayon Jaya,17148,Meral Kota,29664,3,6,REG23,,
TRD2022101201845,2758,53000,Pekayon Jaya,17148,Sekumpul,70619,3,5,REG23,,
TRD2022101202048,2758,78915,Pekayon Jaya,17148,Tri Manunggal,28464,2,3,REG23,,
TRD2022101202070,2758,78915,Pekayon Jaya,17148,Tri Manunggal,28464,2,3,REG23,,
TRD2022101202575,2046,32232,Bunigeulis,45556,Janji,22457,3,5,REG23,,
TRD2022101301690,2758,66330,Pekayon Jaya,17148,Karya Ambalutu,21262,3,6,REG23,,
TRD2022101302002,2758,755,Pekayon Jaya,17148,Naga Uleng,92754,5,7,REG23,,
TRD2022101302677,2046,13000,Bunigeulis,45556,Mustika,72272,5,7,REG23,,
TRD2022101400868,2758,84817,Pekayon Jaya,17148,Benoa,80361,1,2,REG23,,
TRD2022101400942,2758,78915,Pekayon Jaya,17148,Tri Manunggal,28464,2,3,REG23,,
TRD2022101401815,2046,84817,Bunigeulis,45556,Benoa,80361,1,2,REG23,,
TRD2022101500525,2758,12651,Pekayon Jaya,17148,Faobata,86419,3,5,REG23,,
TRD2022101501468,2758,78915,Pekayon Jaya,17148,Tri Manunggal,28464,2,3,REG23,,
TRD2022101501848,2758,76179,Pekayon Jaya,17148,Kota Baringin (Beringin),22521,2,3,REG23,,
TRD2022101700684,2758,23951,Pekayon Jaya,17148,Mekar Baru,78391,1,2,REG23,,
TRD2022101703346,2758,47729,Pekayon Jaya,17148,Penkase Oeleta,85231,2,3,REG23,,
TRD2022101704111,2758,66330,Pekayon Jaya,17148,Karya Ambalutu,21262,3,6,REG23,,
TRD2022101704379,2758,78915,Pekayon Jaya,17148,Tri Manunggal,28464,2,3,REG23,,
TRD2022101800599,2046,1279,Bunigeulis,45556,Tanjung Selor Ilir/Hilir,77212,3,5,REG23,,
TRD2022101800814,2758,78915,Pekayon Jaya,17148,Tri Manunggal,28464,2,3,REG23,,
TRD2022101801711,2758,78915,Pekayon Jaya,17148,Tri Manunggal,28464,2,3,REG23,,
TRD2022101801829,2758,46629,Pekayon Jaya,17148,Sei/Sungai Alam,28711,2,3,REG23,,
TRD2022101802245,2046,22410,Bunigeulis,45556,Woise,93956,5,7,REG23,,
TRD2022101802309,2046,47729,Bunigeulis,45556,Penkase Oeleta,85231,2,3,REG23,,
TRD2022101803104,2758,23951,Pekayon Jaya,17148,Mekar Baru,78391,1,2,REG23,,
TRD2022101900444,2758,47729,Pekayon Jaya,17148,Penkase Oeleta,85231,2,3,REG23,,
TRD2022101901776,2758,84817,Pekayon Jaya,17148,Benoa,80361,1,2,REG23,,
TRD2022101901851,2758,12651,Pekayon Jaya,17148,Faobata,86419,3,5,REG23,,
TRD2022101902239,2046,86607,Bunigeulis,45556,Bumi Amas,79211,3,5,REG23,,
TRD2022102100429,2758,31643,Pekayon Jaya,17148,Sayur Matinggi,21187,3,6,REG23,,
TRD2022102102498,2758,47729,Pekayon Jaya,17148,Penkase Oeleta,85231,2,3,REG23,,
TRD2022102201691,2046,47729,Bunigeulis,45556,Penkase Oeleta,85231,2,3,REG23,,
TRD2022102201926,2758,58843,Pekayon Jaya,17148,Kebun Bunga,30151,1,2,REG23,,
TRD2022102202182,2758,31593,Pekayon Jaya,17148,Meral Kota,29664,3,6,REG23,,
TRD2022102202424,2046,47729,Bunigeulis,45556,Penkase Oeleta,85231,2,3,REG23,,
TRD2022102202554,2046,58742,Bunigeulis,45556,Lempake,75118,2,3,REG23,,
TRD2022102400632,2758,2431,Pekayon Jaya,17148,Gunung Panjang,75131,2,3,REG23,,
TRD2022102401065,2758,37098,Pekayon Jaya,17148,Pondong Baru,76281,5,7,REG23,,
TRD2022102401082,2758,58742,Pekayon Jaya,17148,Lempake,75118,2,3,REG23,,
TRD2022102401745,2758,47729,Pekayon Jaya,17148,Penkase Oeleta,85231,2,3,REG23,,
TRD2022102401769,2758,20382,Pekayon Jaya,17148,Geuceu Komplek,23239,1,2,REG23,,
TRD2022102401860,2758,31593,Pekayon Jaya,17148,Meral Kota,29664,3,6,REG23,,
TRD2022102402033,2758,80126,Pekayon Jaya,17148,Banjar Serasan,78233,1,2,REG23,,
TRD2022102402941,2046,13569,Bunigeulis,45556,Guburini,99562,6,9,REG23,,
TRD2022102404034,2758,3749,Pekayon Jaya,17148,Pondok Butun,72211,3,5,REG23,,
TRD2022102404442,2046,47729,Bunigeulis,45556,Penkase Oeleta,85231,2,3,REG23,,
TRD2022102500603,2758,36519,Pekayon Jaya,17148,Carebbu,92776,5,7,REG23,,
TRD2022102501649,2046,704,Bunigeulis,45556,Darat Sekip,78117,2,3,REG23,,
TRD2022102502646,2758,84817,Pekayon Jaya,17148,Benoa,80361,1,2,REG23,,
TRD2022102600404,2758,1279,Pekayon Jaya,17148,Tanjung Selor Ilir/Hilir,77212,3,5,REG23,,
TRD2022102600476,2758,8741,Pekayon Jaya,17148,Bugis,77312,3,5,REG23,,
TRD2022102601905,2046,68210,Bunigeulis,45556,Trate,61114,1,2,REG23,,
TRD2022102601908,2046,68210,Bunigeulis,45556,Trate,61114,1,2,REG23,,
TRD2022102602702,2758,66330,Pekayon Jaya,17148,Karya Ambalutu,21262,3,6,REG23,,
TRD2022102603483,2046,54643,Bunigeulis,45556,Pal Lima,78114,2,3,REG23,,
TRD2022102603539,2046,12651,Bunigeulis,45556,Faobata,86419,3,5,REG23,,
TRD2022102603940,2046,58108,Bunigeulis,45556,Bangodua,45272,2,3,REG23,,
TRD2022102700213,2758,34190,Pekayon Jaya,17148,Ateuk Jawo,23245,1,2,REG23,,
TRD2022102700442,2046,14362,Bunigeulis,45556,Bangun Purba,28557,3,5,REG23,,
TRD2022102702880,2046,3749,Bunigeulis,45556,Pondok Butun,72211,3,5,REG23,,
TRD2022102703117,2046,7597,Bunigeulis,45556,Melasu Baru,77482,5,7,REG23,,
TRD2022102800663,2758,75838,Pekayon Jaya,17148,Buntu Tagari,91862,5,7,REG23,,
TRD2022102802461,2046,42522,Bunigeulis,45556,Bengkol,95251,2,3,REG23,,
TRD2022102803932,2046,2059,Bunigeulis,45556,Gunung Jati,93125,2,3,REG23,,
TRD2022102803980,2046,38641,Bunigeulis,45556,Melak Ulu,75765,3,5,REG23,,
TRD2022102901498,2046,47729,Bunigeulis,45556,Penkase Oeleta,85231,2,3,REG23,,
TRD2022102901822,2046,75838,Bunigeulis,45556,Buntu Tagari,91862,5,7,REG23,,
TRD2022102902628,2758,47729,Pekayon Jaya,17148,Penkase Oeleta,85231,2,3,REG23,,
TRD2022103106102,2758,88341,Pekayon Jaya,17148,Canggu,80361,1,2,REG23,,
TRD2022103106194,2758,47729,Pekayon Jaya,17148,Penkase Oeleta,85231,2,3,REG23,,
TRD2022103106605,2758,53000,Pekayon Jaya,17148,Sekumpul,70619,3,5,REG23,,
TRD2022110100456,2046,37458,Bunigeulis,45556,Mbongawani,86313,3,5,REG23,,
TRD2022110101670,2046,704,Bunigeulis,45556,Darat Sekip,78117,2,3,REG23,,
TRD2022110102267,2758,66330,Pekayon Jaya,17148,Karya Ambalutu,21262,3,6,REG23,,
TRD2022110102528,2758,42522,Pekayon Jaya,17148,Bengkol,95251,2,3,REG23,,
TRD2022110102565,2758,66330,Pekayon Jaya,17148,Karya Ambalutu,21262,3,6,REG23,,
TRD2022110103403,2046,43591,Bunigeulis,45556,Batu Ampar,76136,2,3,REG23,,
TRD2022110200697,2046,7597,Bunigeulis,45556,Melasu Baru,77482,5,7,REG23,,
TRD2022110202617,2758,53660,Pekayon Jaya,17148,So E (Soe),85519,3,5,REG23,,
TRD2022110203395,2046,37458,Bunigeulis,45556,Mbongawani,86313,3,5,REG23,,
TRD2022110204002,2758,47729,Pekayon Jaya,17148,Penkase Oeleta,85231,2,3,REG23,,
TRD2022110301420,2046,47729,Bunigeulis,45556,Penkase Oeleta,85231,2,3,REG23,,
TRD2022110503611,2758,54643,Pekayon Jaya,17148,Pal Lima,78114,1,2,REG23,,
TRD2022110704774,2046,32320,Bunigeulis,45556,Kaliangsana,41271,4,5,REG23,,
TRD2022110704965,2758,8741,Pekayon Jaya,17148,Bugis,77312,3,5,REG23,,
TRD2022110801471,2758,46636,Pekayon Jaya,17148,Ahusen,97127,2,3,REG23,,
TRD2022110900691,2046,2059,Bunigeulis,45556,Gunung Jati,93125,2,3,REG23,,
TRD2022110901139,2758,23951,Pekayon Jaya,17148,Mekar Baru,78391,1,2,REG23,,
TRD2022111001228,2046,3749,Bunigeulis,45556,Pondok Butun,72211,3,5,REG23,,
TRD2022111101630,2758,84885,Pekayon Jaya,17148,Tegal Harum,80361,1,2,REG23,,
TRD2022111101749,2758,8741,Pekayon Jaya,17148,Bugis,77312,3,5,REG23,,
TRD2022111402362,2758,47729,Pekayon Jaya,17148,Penkase Oeleta,85231,2,3,REG23,,
TRD2022111403662,2758,78915,Pekayon Jaya,17148,Tri Manunggal,28464,2,3,REG23,,
TRD2022111405081,2758,37945,Pekayon Jaya,17148,Lubuk Kembang,39125,2,3,REG23,,
TRD2022111601028,2046,67956,Bunigeulis,45556,Kefamenanu Selatan,85613,3,5,REG23,,
TRD2022111701526,2758,71654,Pekayon Jaya,17148,Kampung Bugis,29115,1,2,REG23,,
TRD2022112104939,2758,86733,Pekayon Jaya,17148,Pagar,34161,2,3,REG23,,
TRD2022112201257,2758,34190,Pekayon Jaya,17148,Ateuk Jawo,23245,1,2,REG23,,
TRD2022112201414,2046,32988,Bunigeulis,45556,Sarotari,86219,3,5,REG23,,
TRD2022112202711,2758,8741,Pekayon Jaya,17148,Bugis,77312,3,5,REG23,,
TRD2022112401934,55723,32232,Timbang Deli,20148,Janji,22457,1,2,REG23,,
TRD2022112601205,88124,79216,A M P L A S,20148,Sipange Julu,22774,1,3,REG23,,
TRD2022112601527,2758,47729,Pekayon Jaya,17148,Penkase Oeleta,85231,2,3,REG23,,
TRD2022112804892,2758,31593,Pekayon Jaya,17148,Meral Kota,29664,3,6,REG23,,
TRD2022112804894,2758,86407,Pekayon Jaya,17148,Sukaharja,78813,3,5,REG23,,
TRD2022112805480,2758,47729,Pekayon Jaya,17148,Penkase Oeleta,85231,2,3,REG23,,
TRD2022120101868,2046,58099,Bunigeulis,45556,Butung,90173,1,2,REG23,,
TRD2022120101976,2758,47729,Pekayon Jaya,17148,Penkase Oeleta,85231,2,3,REG23,,
TRD2022120102969,2758,25075,Pekayon Jaya,17148,Embu Ngena,86319,3,5,REG23,,
TRD2022120201302,87275,29681,Rintis,28155,Dadok Tunggul Hitam,25176,1,2,REG23,,
TRD2022120202608,2758,86407,Pekayon Jaya,17148,Sukaharja,78813,3,5,REG23,,
TRD2022120301506,85860,47070,Sukodadi,30154,Way Dadi,35131,1,2,REG23,,
TRD2022120302274,2758,47729,Pekayon Jaya,17148,Penkase Oeleta,85231,2,3,REG23,,
TRD2022120302380,2758,11725,Pekayon Jaya,17148,Barumbung,91352,5,7,REG23,,
TRD2022120302451,2758,6703,Pekayon Jaya,17148,Kayumalue Ngapa,94146,2,3,REG23,,
TRD2022120502733,49964,32988,Grogol,11450,Sarotari,86219,3,5,REG23,,
TRD2022120507264,2758,47729,Pekayon Jaya,17148,Penkase Oeleta,85231,2,3,REG23,,
TRD2022120701601,88124,23805,A M P L A S,20148,Hambawa,22851,3,4,REG23,,
TRD2022120701645,87275,31593,Rintis,28155,Meral Kota,29664,6,7,REG23,,
TRD2022120703791,2758,1279,Pekayon Jaya,17148,Tanjung Selor Ilir/Hilir,77212,3,5,REG23,,
TRD2022120703811,2758,67956,Pekayon Jaya,17148,Kefamenanu Selatan,85613,3,5,REG23,,
TRD2022120902393,85513,25075,Kerobokan Kelod,80117,Embu Ngena,86319,2,3,REG23,,
TRD2022120902541,85860,85109,Sukodadi,30154,Padang Mulia,33681,2,3,REG23,,
TRD2022121202914,2758,54643,Pekayon Jaya,17148,Pal Lima,78114,1,2,REG23,,
TRD2022121203970,85513,25075,Kerobokan Kelod,80117,Embu Ngena,86319,2,3,REG23,,
TRD2022121204121,85513,25075,Kerobokan Kelod,80117,Embu Ngena,86319,2,3,REG23,,
TRD2022121302974,2758,47729,Pekayon Jaya,17148,Penkase Oeleta,85231,2,3,REG23,,
TRD2022121303136,85513,25075,Kerobokan Kelod,80117,Embu Ngena,86319,2,3,REG23,,
TRD2022121303472,85513,47729,Kerobokan Kelod,80117,Penkase Oeleta,85231,1,2,REG23,,
TRD2022121303509,85513,32988,Kerobokan Kelod,80117,Sarotari,86219,2,3,REG23,,
TRD2022121402134,2758,86407,Pekayon Jaya,17148,Sukaharja,78813,3,5,REG23,,
TRD2022121402227,85513,25075,Kerobokan Kelod,80117,Embu Ngena,86319,2,3,REG23,,
TRD2022121402541,85513,25075,Kerobokan Kelod,80117,Embu Ngena,86319,2,3,REG23,,
TRD2022121502676,85513,25075,Kerobokan Kelod,80117,Embu Ngena,86319,2,3,REG23,,
TRD2022121502696,85513,20649,Kerobokan Kelod,80117,Watunggere (Watunggera),86371,5,6,REG23,,
TRD2022121502974,88124,79216,A M P L A S,20148,Sipange Julu,22774,1,3,REG23,,
TRD2022121503037,85860,85109,Sukodadi,30154,Padang Mulia,33681,2,3,REG23,,
TRD2022121504562,2758,9181,Pekayon Jaya,17148,Nusaniwe I,97117,2,3,REG23,,
TRD2022121504605,2758,47729,Pekayon Jaya,17148,Penkase Oeleta,85231,2,3,REG23,,
TRD2022121602273,85513,32988,Kerobokan Kelod,80117,Sarotari,86219,2,3,REG23,,
TRD2022121604585,2758,47729,Pekayon Jaya,17148,Penkase Oeleta,85231,2,3,REG23,,
TRD2022121604619,2758,47729,Pekayon Jaya,17148,Penkase Oeleta,85231,2,3,REG23,,
TRD2022121605063,49964,42522,Grogol,11450,Bengkol,95251,2,3,REG23,,
TRD2022121702624,88124,79216,A M P L A S,20148,Sipange Julu,22774,1,3,REG23,,
TRD2022121905370,2758,12651,Pekayon Jaya,17148,Faobata,86419,3,5,REG23,,
TRD2022121905383,2758,8741,Pekayon Jaya,17148,Bugis,77312,3,5,REG23,,
TRD2022121906655,85513,32988,Kerobokan Kelod,80117,Sarotari,86219,2,3,REG23,,
TRD2022121906690,85513,47729,Kerobokan Kelod,80117,Penkase Oeleta,85231,1,2,REG23,,
TRD2022122402769,85513,47729,Kerobokan Kelod,80117,Penkase Oeleta,85231,1,2,REG23,,
TRD2022122402784,85513,32988,Kerobokan Kelod,80117,Sarotari,86219,2,3,REG23,,
TRD2022122405643,2758,85883,Pekayon Jaya,17148,Rajabasa Raya,35142,1,2,REG23,,
TRD2022122604528,85513,47729,Kerobokan Kelod,80117,Penkase Oeleta,85231,1,2,REG23,,
TRD2022122604546,85513,37143,Kerobokan Kelod,80117,Liselande,86111,10,1,REG23,,
TRD2022122604551,85513,47729,Kerobokan Kelod,80117,Penkase Oeleta,85231,1,2,REG23,,
TRD2022122604605,85513,33741,Kerobokan Kelod,80117,Lepolima,86116,5,6,REG23,,
TRD2022122604860,2758,47729,Pekayon Jaya,17148,Penkase Oeleta,85231,2,3,REG23,,
TRD2022122604902,2758,47729,Pekayon Jaya,17148,Penkase Oeleta,85231,2,3,REG23,,
TRD2022122605286,87275,29681,Rintis,28155,Dadok Tunggul Hitam,25176,1,2,REG23,,
TRD2022122606180,2046,80896,Bunigeulis,45556,Kamoning,69216,2,3,REG23,,
TRD2022122606227,2046,37613,Bunigeulis,45556,Bunder,41161,2,3,REG23,,
TRD2022122703916,2046,3749,Bunigeulis,45556,Pondok Butun,72211,3,5,REG23,,
TRD2022122704099,88124,79216,A M P L A S,20148,Sipange Julu,22774,1,3,REG23,,
TRD2022122704182,85513,39764,Kerobokan Kelod,80117,Balela,86214,2,3,REG23,,
TRD2022122704225,85513,25075,Kerobokan Kelod,80117,Embu Ngena,86319,2,3,REG23,,
TRD2022122704328,88124,79216,A M P L A S,20148,Sipange Julu,22774,1,3,REG23,,
TRD2022122705294,2758,67956,Pekayon Jaya,17148,Kefamenanu Selatan,85613,3,5,REG23,,
TRD2022122806524,2758,2228,Pekayon Jaya,17148,Angkasapura,99113,2,4,REG23,,
TRD2022122806599,2758,64416,Pekayon Jaya,17148,Ardipura,99223,2,4,REG23,,
TRD2022122807159,2758,53000,Pekayon Jaya,17148,Sekumpul,70619,3,5,REG23,,
TRD2022122904407,85513,47729,Kerobokan Kelod,80117,Penkase Oeleta,85231,1,2,REG23,,
TRD2022122904478,88124,23105,A M P L A S,20148,Ujung Gading Jae,22747,3,4,REG23,,
TRD2022123005000,87275,31593,Rintis,28155,Meral Kota,29664,6,7,REG23,,
TRD2022123005001,87275,31593,Rintis,28155,Meral Kota,29664,6,7,REG23,,
TRD2022123005199,85513,47729,Kerobokan Kelod,80117,Penkase Oeleta,85231,1,2,REG23,,
TRD2022123105177,85513,32988,Kerobokan Kelod,80117,Sarotari,86219,2,3,REG23,,
TRD2022123105631,88124,79216,A M P L A S,20148,Sipange Julu,22774,1,3,REG23,,
TRD2023010207552,85513,32988,Kerobokan Kelod,80117,Sarotari,86219,2,3,REG23,,
TRD2023010207704,88124,60888,A M P L A S,20148,Neusu Aceh,23244,2,3,REG23,,
TRD2023010209260,49964,85740,Grogol,11450,Talang Banjar,36123,1,2,REG23,,
TRD2023010306243,87275,31593,Rintis,28155,Meral Kota,29664,6,7,REG23,,
TRD2023010307168,85513,14485,Kerobokan Kelod,80117,Ngalukoja,86381,5,6,REG23,,
TRD2023010307538,2758,7597,Pekayon Jaya,17148,Melasu Baru,77482,5,7,REG23,,
TRD2023010307671,2758,14315,Pekayon Jaya,17148,Datar Ruyung,38617,2,3,REG23,,
TRD2023010404601,85513,25075,Kerobokan Kelod,80117,Embu Ngena,86319,2,3,REG23,,
TRD2023010405992,49964,84537,Grogol,11450,Kladufu,98418,2,4,REG23,,
TRD2023010409075,2758,84537,Pekayon Jaya,17148,Kladufu,98418,2,4,REG23,,
TRD2023010504765,85513,32988,Kerobokan Kelod,80117,Sarotari,86219,2,3,REG23,,
TRD2023010505308,87275,31593,Rintis,28155,Meral Kota,29664,6,7,REG23,,
TRD2023010509241,2046,64416,Bunigeulis,45556,Ardipura,99223,2,4,REG23,,
TRD2023010603847,85513,47729,Kerobokan Kelod,80117,Penkase Oeleta,85231,1,2,REG23,,
TRD2023010603927,85513,47729,Kerobokan Kelod,80117,Penkase Oeleta,85231,1,2,REG23,,
TRD2023010603948,85513,32988,Kerobokan Kelod,80117,Sarotari,86219,2,3,REG23,,
TRD2023010604373,85860,60814,Sukodadi,30154,Bakauheni,35592,2,3,REG23,,
TRD2023010705430,85513,47729,Kerobokan Kelod,80117,Penkase Oeleta,85231,1,2,REG23,,
TRD2023010705451,85513,25075,Kerobokan Kelod,80117,Embu Ngena,86319,2,3,REG23,,
TRD2023010705463,85513,25075,Kerobokan Kelod,80117,Embu Ngena,86319,2,3,REG23,,
TRD2023010705512,88124,18337,A M P L A S,20148,Simarancar,22765,1,3,REG23,,
TRD2023010705762,85860,85109,Sukodadi,30154,Padang Mulia,33681,2,3,REG23,,
TRD2023010706160,2758,65988,Pekayon Jaya,17148,Klademak,98416,2,4,REG23,,
TRD2023010707102,2046,84885,Bunigeulis,45556,Tegal Harum,80361,1,2,REG23,,
TRD2023010906561,85513,5106,Kerobokan Kelod,80117,Mataram Timur,83121,1,2,REG23,,
TRD2023010906594,85513,25075,Kerobokan Kelod,80117,Embu Ngena,86319,2,3,REG23,,
TRD2023010906681,85513,37458,Kerobokan Kelod,80117,Mbongawani,86313,5,6,REG23,,
TRD2023010907294,87275,31593,Rintis,28155,Meral Kota,29664,6,7,REG23,,
TRD2023010909442,2758,47729,Pekayon Jaya,17148,Penkase Oeleta,85231,2,3,REG23,,
TRD2023010909986,2758,47729,Pekayon Jaya,17148,Penkase Oeleta,85231,2,3,REG23,,
TRD2023010910272,2046,65988,Bunigeulis,45556,Klademak,98416,2,4,REG23,,
TRD2023010912360,2758,84885,Pekayon Jaya,17148,Tegal Harum,80361,1,2,REG23,,
TRD2023011003352,85513,47729,Kerobokan Kelod,80117,Penkase Oeleta,85231,1,2,REG23,,
TRD2023011003371,85513,25075,Kerobokan Kelod,80117,Embu Ngena,86319,2,3,REG23,,
TRD2023011003840,87275,31593,Rintis,28155,Meral Kota,29664,6,7,REG23,,
TRD2023011006078,2758,84885,Pekayon Jaya,17148,Tegal Harum,80361,1,2,REG23,,
TRD2023011104754,85513,25075,Kerobokan Kelod,80117,Embu Ngena,86319,2,3,REG23,,
TRD2023011104757,85513,68149,Kerobokan Kelod,80117,Hewuli,86115,5,6,REG23,,
TRD2023011104761,85513,55949,Kerobokan Kelod,80117,Aeramo,86472,2,3,REG23,,
TRD2023011204968,2758,23951,Pekayon Jaya,17148,Mekar Baru,78391,1,2,REG23,,
TRD2023011403853,2758,36519,Pekayon Jaya,17148,Carebbu,92776,5,7,REG23,,
TRD2023011403906,85513,37143,Kerobokan Kelod,80117,Liselande,86111,10,1,REG23,,
TRD2023011605919,85513,47729,Kerobokan Kelod,80117,Penkase Oeleta,85231,1,2,REG23,,
TRD2023011605937,85513,4536,Kerobokan Kelod,80117,Wangkung,86592,5,6,REG23,,
TRD2023011611349,49964,23805,Grogol,11450,Hambawa,22851,2,3,REG23,,
TRD2023011611366,49964,78915,Grogol,11450,Tri Manunggal,28464,2,3,REG23,,
TRD2023011612474,2758,47729,Pekayon Jaya,17148,Penkase Oeleta,85231,2,3,REG23,,
TRD2023011612557,2758,12651,Pekayon Jaya,17148,Faobata,86419,3,5,REG23,,
TRD2023011703745,85513,33741,Kerobokan Kelod,80117,Lepolima,86116,5,6,REG23,,
TRD2023011704028,2758,78915,Pekayon Jaya,17148,Tri Manunggal,28464,2,3,REG23,,
TRD2023011704182,2758,47729,Pekayon Jaya,17148,Penkase Oeleta,85231,2,3,REG23,,
TRD2023011704392,2046,47729,Bunigeulis,45556,Penkase Oeleta,85231,2,3,REG23,,
TRD2023011705871,2758,65988,Pekayon Jaya,17148,Klademak,98416,2,4,REG23,,
TRD2023011803281,2758,86407,Pekayon Jaya,17148,Sukaharja,78813,3,5,REG23,,
TRD2023011803781,85513,14485,Kerobokan Kelod,80117,Ngalukoja,86381,5,6,REG23,,
TRD2023011804511,2046,65988,Bunigeulis,45556,Klademak,98416,2,4,REG23,,
TRD2023011808798,2758,84537,Pekayon Jaya,17148,Kladufu,98418,2,4,REG23,,
TRD2023011904349,85513,25075,Kerobokan Kelod,80117,Embu Ngena,86319,2,3,REG23,,
TRD2023011904614,2758,47729,Pekayon Jaya,17148,Penkase Oeleta,85231,2,3,REG23,,
TRD2023012003458,49964,16290,Grogol,11450,Wana Sari,75655,5,7,REG23,,
TRD2023012003948,85513,68149,Kerobokan Kelod,80117,Hewuli,86115,5,6,REG23,,
TRD2023012004635,2046,60010,Bunigeulis,45556,Seteluk Atas,84454,10,1,REG23,,
TRD2023012105678,2758,46636,Pekayon Jaya,17148,Ahusen,97127,2,3,REG23,,
TRD2023012305093,85860,84682,Sukodadi,30154,Susunan Baru,35116,1,2,REG23,,
TRD2023012305414,2758,25075,Pekayon Jaya,17148,Embu Ngena,86319,3,5,REG23,,
TRD2023012404673,2758,2059,Pekayon Jaya,17148,Gunung Jati,93125,2,3,REG23,,
TRD2023012404716,2758,65988,Pekayon Jaya,17148,Klademak,98416,2,4,REG23,,
TRD2023012405108,85513,12651,Kerobokan Kelod,80117,Faobata,86419,2,3,REG23,,
TRD2023012504421,85513,47729,Kerobokan Kelod,80117,Penkase Oeleta,85231,1,2,REG23,,
TRD2023012506023,2046,40010,Bunigeulis,45556,Namaelo,97511,3,5,REG23,,
TRD2023012506025,2046,6151,Bunigeulis,45556,Skow Mabo (Skouw Mabo ),99351,2,4,REG23,,
TRD2023012506038,2046,5037,Bunigeulis,45556,Sereh,99352,4,6,REG23,,
TRD2023012506059,2046,6151,Bunigeulis,45556,Skow Mabo (Skouw Mabo ),99351,2,4,REG23,,
TRD2023012506085,2046,48250,Bunigeulis,45556,Sawangan,95371,5,7,REG23,,
TRD2023012506087,2046,31193,Bunigeulis,45556,Tumbang Lahang,74454,5,7,REG23,,
TRD2023012506098,2046,468,Bunigeulis,45556,Patam Lestari,29427,2,3,REG23,,
TRD2023012506100,2046,11616,Bunigeulis,45556,Baloi Permai,29431,2,3,REG23,,
TRD2023012506115,2046,6151,Bunigeulis,45556,Skow Mabo (Skouw Mabo ),99351,2,4,REG23,,
TRD2023012506158,2046,6151,Bunigeulis,45556,Skow Mabo (Skouw Mabo ),99351,2,4,REG23,,
TRD2023012506159,2046,5037,Bunigeulis,45556,Sereh,99352,4,6,REG23,,
TRD2023012506175,2046,65915,Bunigeulis,45556,Rumah Tiga,97234,2,3,REG23,,
TRD2023012506191,2046,461,Bunigeulis,45556,Mangsang (Mangsa),29437,2,3,REG23,,
TRD2023012506280,2046,6151,Bunigeulis,45556,Skow Mabo (Skouw Mabo ),99351,2,4,REG23,,
TRD2023012506303,2046,6151,Bunigeulis,45556,Skow Mabo (Skouw Mabo ),99351,2,4,REG23,,
TRD2023012506316,2046,6151,Bunigeulis,45556,Skow Mabo (Skouw Mabo ),99351,2,4,REG23,,
TRD2023012506320,2046,52627,Bunigeulis,45556,Siojo,22742,5,7,REG23,,
TRD2023012506330,2046,75992,Bunigeulis,45556,Jenetallasa,92161,5,7,REG23,,
TRD2023012506365,2046,77133,Bunigeulis,45556,Pohan Jae,22474,3,5,REG23,,
TRD2023012506391,2046,5037,Bunigeulis,45556,Sereh,99352,4,6,REG23,,
TRD2023012506419,2046,6151,Bunigeulis,45556,Skow Mabo (Skouw Mabo ),99351,2,4,REG23,,
TRD2023012506428,2046,19402,Bunigeulis,45556,Melai,93727,3,5,REG23,,
TRD2023012506491,2046,19402,Bunigeulis,45556,Melai,93727,3,5,REG23,,
TRD2023012506529,2046,6151,Bunigeulis,45556,Skow Mabo (Skouw Mabo ),99351,2,4,REG23,,
TRD2023012604309,88124,79216,A M P L A S,20148,Sipange Julu,22774,1,3,REG23,,
TRD2023012605401,49964,84885,Grogol,11450,Tegal Harum,80361,1,2,REG23,,
TRD2023012703470,85860,85109,Sukodadi,30154,Padang Mulia,33681,2,3,REG23,,
TRD2023012703788,85513,32988,Kerobokan Kelod,80117,Sarotari,86219,2,3,REG23,,
TRD2023012704929,49964,84885,Grogol,11450,Tegal Harum,80361,1,2,REG23,,
TRD2023012705011,49964,85109,Grogol,11450,Padang Mulia,33681,2,3,REG23,,
TRD2023013006724,85513,25075,Kerobokan Kelod,80117,Embu Ngena,86319,2,3,REG23,,
TRD2023013006815,85513,12651,Kerobokan Kelod,80117,Faobata,86419,2,3,REG23,,
TRD2023013006856,85513,25075,Kerobokan Kelod,80117,Embu Ngena,86319,2,3,REG23,,
TRD2023013008436,49964,9439,Grogol,11450,Datar Luas,23654,2,3,REG23,,
TRD2023013106100,49964,84885,Grogol,11450,Tegal Harum,80361,1,2,REG23,,
TRD2023020103472,88124,23805,A M P L A S,20148,Hambawa,22851,3,4,REG23,,
TRD2023020104355,85513,39204,Kerobokan Kelod,80117,Nelerereng,86253,5,6,REG23,,
TRD2023020104744,2046,18683,Bunigeulis,45556,Tablasupa,99353,2,4,REG23,,
TRD2023020105055,2046,28781,Bunigeulis,45556,Bukit Tunggal,73112,2,3,REG23,,
TRD2023020205992,2758,47729,Pekayon Jaya,17148,Penkase Oeleta,85231,2,3,REG23,,
TRD2023020303940,85513,32988,Kerobokan Kelod,80117,Sarotari,86219,2,3,REG23,,
TRD2023020304018,85513,25075,Kerobokan Kelod,80117,Embu Ngena,86319,2,3,REG23,,
TRD2023020304190,85513,25075,Kerobokan Kelod,80117,Embu Ngena,86319,2,3,REG23,,
TRD2023020402579,2758,65988,Pekayon Jaya,17148,Klademak,98416,2,4,REG23,,
TRD2023020402964,85513,32988,Kerobokan Kelod,80117,Sarotari,86219,2,3,REG23,,
TRD2023020402977,85513,37143,Kerobokan Kelod,80117,Liselande,86111,10,1,REG23,,
TRD2023020403050,85513,14485,Kerobokan Kelod,80117,Ngalukoja,86381,5,6,REG23,,
TRD2023020606119,88124,38271,A M P L A S,20148,Janji Matogu Ur,22755,1,3,REG23,,
TRD2023020606225,88124,14266,A M P L A S,20148,Sangkar Nihuta,22312,1,2,REG23,,
TRD2023020606811,85513,56000,Kerobokan Kelod,80117,Riang Kemie,86211,5,6,REG23,,
TRD2023020606924,85513,32988,Kerobokan Kelod,80117,Sarotari,86219,2,3,REG23,,
TRD2023020704713,49964,66330,Grogol,11450,Karya Ambalutu,21262,3,6,REG23,,
TRD2023020808940,2758,30929,Pekayon Jaya,17148,Kampung Baru,35149,1,2,REG23,,
TRD2023020810538,2758,60010,Pekayon Jaya,17148,Seteluk Atas,84454,10,1,REG23,,
TRD2023020903371,85860,85109,Sukodadi,30154,Padang Mulia,33681,2,3,REG23,,
TRD2023021003314,45067,2424,Sumur Batu,17148,Subaim,97863,10,1,REG23,,
TRD2023021003657,45067,2285,Sumur Batu,17148,Tepian Makmur,75683,5,7,REG23,,
TRD2023021004718,45067,2285,Sumur Batu,17148,Tepian Makmur,75683,5,7,REG23,,
TRD2023021103580,79938,33288,Padang Terubuk,28155,Segati,28381,10,1,REG23,,
TRD2023021103955,45067,10371,Sumur Batu,17148,Grogol,64151,3,6,REG23,,
TRD2023021305846,45067,34115,Sumur Batu,17148,Tuban,80361,1,2,REG23,,
TRD2023021306085,2046,22790,Bunigeulis,45556,Konda,98454,5,7,REG23,,
TRD2023021306088,2046,22790,Bunigeulis,45556,Konda,98454,5,7,REG23,,
TRD2023021306172,3047,4141,Padangsambian Klod/Kelod,80117,Alak,85231,1,2,REG23,,
TRD2023021306176,3047,22511,Padangsambian Klod/Kelod,80117,Gunung Sari,86116,2,3,REG23,,
TRD2023021306177,3047,4141,Padangsambian Klod/Kelod,80117,Alak,85231,1,2,REG23,,
TRD2023021307209,2046,1071,Bunigeulis,45556,Nunukan Utara,77482,3,5,REG23,,
TRD2023021307215,2046,4141,Bunigeulis,45556,Alak,85231,2,3,REG23,,
TRD2023021307756,49964,1019,Grogol,11450,Sumoli,94683,5,7,REG23,,
TRD2023021309529,45067,19522,Sumur Batu,17148,Lamika,86219,5,9,REG23,,
TRD2023021404668,79938,33288,Padang Terubuk,28155,Segati,28381,10,1,REG23,,
TRD2023021404802,49964,33288,Grogol,11450,Segati,28381,10,1,REG23,,
TRD2023021406168,2046,22790,Bunigeulis,45556,Konda,98454,5,7,REG23,,
TRD2023021503784,79938,33288,Padang Terubuk,28155,Segati,28381,10,1,REG23,,
TRD2023021503856,3047,4141,Padangsambian Klod/Kelod,80117,Alak,85231,1,2,REG23,,
TRD2023021504122,49964,33288,Grogol,11450,Segati,28381,10,1,REG23,,
TRD2023021504161,49964,33288,Grogol,11450,Segati,28381,10,1,REG23,,
TRD2023021504832,2046,22790,Bunigeulis,45556,Konda,98454,5,7,REG23,,
TRD2023021504833,2046,2424,Bunigeulis,45556,Subaim,97863,10,1,REG23,,
TRD2023021505122,45067,78216,Sumur Batu,17148,Pitulua,93915,3,5,REG23,,
TRD2023021506199,45067,4141,Sumur Batu,17148,Alak,85231,2,3,REG23,,
TRD2023021603380,88124,1277,A M P L A S,20148,Sibodak Sosa Jae,22774,3,6,REG23,,
TRD2023021603429,79938,33288,Padang Terubuk,28155,Segati,28381,10,1,REG23,,
TRD2023021603769,49964,23174,Grogol,11450,Letta,92415,3,5,REG23,,
TRD2023021606292,45067,34115,Sumur Batu,17148,Tuban,80361,1,2,REG23,,
TRD2023021705185,2046,10595,Bunigeulis,45556,Sukaraja,83581,6,9,REG23,,
TRD2023021802007,45067,19522,Sumur Batu,17148,Lamika,86219,5,9,REG23,,
TRD2023021802559,45067,4141,Sumur Batu,17148,Alak,85231,2,3,REG23,,
TRD2023022008971,88124,11008,A M P L A S,20148,Sirumambe,22733,1,3,REG23,,
TRD2023022009286,45067,2285,Sumur Batu,17148,Tepian Makmur,75683,5,7,REG23,,
TRD2023022009472,3047,19522,Padangsambian Klod/Kelod,80117,Lamika,86219,5,6,REG23,,
TRD2023022009968,57660,1071,Tomang,11440,Nunukan Utara,77482,3,5,REG23,,
TRD2023022011439,45067,3735,Sumur Batu,17148,Sempayang,77554,5,7,REG23,,
TRD2023022011484,45067,22569,Sumur Batu,17148,Harapan Baru,75131,2,3,REG23,,
TRD2023022104365,3047,14761,Padangsambian Klod/Kelod,80117,Oemanu,85613,10,1,REG23,,
TRD2023022105267,45067,4437,Sumur Batu,17148,Kurau Barat,33681,2,3,REG23,,
TRD2023022107226,45067,3604,Sumur Batu,17148,Kuatae,85519,5,9,REG23,,
TRD2023022305455,88124,1277,A M P L A S,20148,Sibodak Sosa Jae,22774,3,6,REG23,,
TRD2023022306673,49964,2850,Grogol,11450,Mengkenang,31453,3,6,REG23,,
TRD2023022405513,49964,2285,Grogol,11450,Tepian Makmur,75683,5,7,REG23,,
TRD2023030105413,45067,22833,Sumur Batu,17148,Klawuyuk,98418,2,4,REG23,,
TRD2023030106014,45067,19522,Sumur Batu,17148,Lamika,86219,5,9,REG23,,
TRD2023030106340,49964,2285,Grogol,11450,Tepian Makmur,75683,5,7,REG23,,
TRD2023030106350,49964,71654,Grogol,11450,Kampung Bugis,29115,1,2,REG23,,
TRD2023030106376,49964,2285,Grogol,11450,Tepian Makmur,75683,5,7,REG23,,
TRD2023030106446,49964,1019,Grogol,11450,Sumoli,94683,5,7,REG23,,
TRD2023030106541,45067,1019,Sumur Batu,17148,Sumoli,94683,5,7,REG23,,
TRD2023030106827,45067,34115,Sumur Batu,17148,Tuban,80361,1,2,REG23,,
TRD2023030207456,45067,22790,Sumur Batu,17148,Konda,98454,5,7,REG23,,
TRD2023030208549,49964,12651,Grogol,11450,Faobata,86419,3,5,REG23,,
TRD2023030305731,79938,33288,Padang Terubuk,28155,Segati,28381,10,1,REG23,,
TRD2023030305773,79938,3848,Padang Terubuk,28155,Tanjung Uban Utara,29152,3,4,REG23,,
TRD2023030305797,79938,33288,Padang Terubuk,28155,Segati,28381,10,1,REG23,,
TRD2023030308554,2046,4141,Bunigeulis,45556,Alak,85231,2,3,REG23,,
TRD2023030308778,45067,34115,Sumur Batu,17148,Tuban,80361,1,2,REG23,,
TRD2023030308863,45067,10595,Sumur Batu,17148,Sukaraja,83581,6,9,REG23,,
TRD2023030404995,88124,9629,A M P L A S,20148,Dalihan Natolu,22747,1,3,REG23,,
TRD2023030405183,79938,33288,Padang Terubuk,28155,Segati,28381,10,1,REG23,,
TRD2023030405597,79938,33288,Padang Terubuk,28155,Segati,28381,10,1,REG23,,
TRD2023030406936,45067,22790,Sumur Batu,17148,Konda,98454,5,7,REG23,,
TRD2023030607747,45067,33288,Sumur Batu,17148,Segati,28381,10,1,REG23,,
TRD2023030706674,3047,12337,Padangsambian Klod/Kelod,80117,Jaya Makmur,84383,10,1,REG23,,
TRD2023030907375,45067,4437,Sumur Batu,17148,Kurau Barat,33681,2,3,REG23,,
TRD2023030907825,2046,33288,Bunigeulis,45556,Segati,28381,10,1,REG23,,
TRD2023030907845,45067,28576,Sumur Batu,17148,Kawasi,97792,10,1,REG23,,
TRD2023031006508,79938,33288,Padang Terubuk,28155,Segati,28381,10,1,REG23,,
TRD2023031006511,79938,33288,Padang Terubuk,28155,Segati,28381,10,1,REG23,,
TRD2023031006677,3047,4141,Padangsambian Klod/Kelod,80117,Alak,85231,1,2,REG23,,
TRD2023031007750,2046,34115,Bunigeulis,45556,Tuban,80361,1,2,REG23,,
TRD2023031007757,2046,19522,Bunigeulis,45556,Lamika,86219,5,9,REG23,,
TRD2023031008623,22156,2285,Pengambangan,70237,Tepian Makmur,75683,5,6,REG23,,
TRD2023031008836,45067,22790,Sumur Batu,17148,Konda,98454,5,7,REG23,,
TRD2023031105989,3047,19522,Padangsambian Klod/Kelod,80117,Lamika,86219,5,6,REG23,,
TRD2023031106061,45067,22790,Sumur Batu,17148,Konda,98454,5,7,REG23,,
TRD2023031309802,79938,33288,Padang Terubuk,28155,Segati,28381,10,1,REG23,,
TRD2023031310519,45067,34115,Sumur Batu,17148,Tuban,80361,1,2,REG23,,
TRD2023031310618,45067,22790,Sumur Batu,17148,Konda,98454,5,7,REG23,,
TRD2023031310826,49964,12337,Grogol,11450,Jaya Makmur,84383,10,1,REG23,,
TRD2023031311873,45067,38155,Sumur Batu,17148,Muara Ratah,75779,5,7,REG23,,
TRD2023031405476,45067,19522,Sumur Batu,17148,Lamika,86219,5,9,REG23,,
TRD2023031407243,45067,3749,Sumur Batu,17148,Pondok Butun,72211,3,5,REG23,,
TRD2023031513281,79938,33288,Padang Terubuk,28155,Segati,28381,10,1,REG23,,
TRD2023031513692,3047,2149,Padangsambian Klod/Kelod,80117,Mbay I,86472,2,3,REG23,,
TRD2023031513724,2046,5383,Bunigeulis,45556,Nusliko,97853,3,5,REG23,,
TRD2023031513754,2046,4775,Bunigeulis,45556,Karangan Dalam,75684,10,1,REG23,,
TRD2023031513891,45067,22790,Sumur Batu,17148,Konda,98454,5,7,REG23,,
TRD2023031514052,45067,22790,Sumur Batu,17148,Konda,98454,5,7,REG23,,
TRD2023031514155,45067,26686,Sumur Batu,17148,Oesapa,85228,2,3,REG23,,
TRD2023031605958,708,9547,Sei/Sungai Jawi Luar,78113,Mekar Jaya,79462,5,7,REG23,,
TRD2023031606172,3047,19522,Padangsambian Klod/Kelod,80117,Lamika,86219,5,6,REG23,,
TRD2023031606741,45067,22790,Sumur Batu,17148,Konda,98454,5,7,REG23,,
TRD2023031803208,2046,71654,Bunigeulis,45556,Kampung Bugis,29115,2,3,REG23,,
TRD2023032006823,49964,4141,Grogol,11450,Alak,85231,2,3,REG23,,
TRD2023032007035,45067,80126,Sumur Batu,17148,Banjar Serasan,78233,1,2,REG23,,
TRD2023032007139,2046,2285,Bunigeulis,45556,Tepian Makmur,75683,5,7,REG23,,
TRD2023032105912,2046,67674,Bunigeulis,45556,Banjarejo,63137,3,6,REG23,,
TRD2023032208420,45067,4141,Sumur Batu,17148,Alak,85231,2,3,REG23,,
TRD2023032406050,3047,19522,Padangsambian Klod/Kelod,80117,Lamika,86219,5,6,REG23,,
TRD2023032406115,45067,1071,Sumur Batu,17148,Nunukan Utara,77482,3,5,REG23,,
TRD2023032406141,45067,1071,Sumur Batu,17148,Nunukan Utara,77482,3,5,REG23,,
TRD2023032708326,2046,61579,Bunigeulis,45556,Rawa Sari,36125,2,3,REG23,,
TRD2023032709461,45067,34115,Sumur Batu,17148,Tuban,80361,1,2,REG23,,
TRD2023032807306,2046,11976,Bunigeulis,45556,Dangin Tukadaya,82218,3,6,REG23,,
TRD2023032903446,45067,2424,Sumur Batu,17148,Subaim,97863,10,1,REG23,,
TRD2023033004283,45067,12337,Sumur Batu,17148,Jaya Makmur,84383,10,1,REG23,,
TRD2023040307794,45067,19522,Sumur Batu,17148,Lamika,86219,5,9,REG23,,
TRD2023040310960,2046,12337,Bunigeulis,45556,Jaya Makmur,84383,10,1,REG23,,
TRD2023040405436,2046,3604,Bunigeulis,45556,Kuatae,85519,5,9,REG23,,
TRD2023040704105,2046,4141,Bunigeulis,45556,Alak,85231,2,3,REG23,,
TRD2023041704589,45067,10908,Sumur Batu,17148,Asano,99351,2,4,REG23,,
TRD2022070700399,45210,85601,Argasunya,45145,Pulo Sanggar,24651,5,7,REG23,,
TRD2022070700400,45210,7484,Argasunya,45145,Laikandonga,93871,3,5,REG23,,
TRD2022071905231,45771,52342,Setianegara,45556,Fatubenao,85718,3,5,REG23,,
TRD2022071905265,45771,595,Setianegara,45556,Batu Ampar,34595,5,7,REG23,,
TRD2022100303219,21445,66330,Ciparigi,16157,Karya Ambalutu,21262,3,6,REG23,,
TRD2022101101251,21445,52342,Ciparigi,16157,Fatubenao,85718,3,5,REG23,,
TRD2022101501020,21445,47729,Ciparigi,16157,Penkase Oeleta,85231,2,3,REG23,,
TRD2022101701778,21445,47729,Ciparigi,16157,Penkase Oeleta,85231,2,3,REG23,,
TRD2022101701810,21445,68210,Ciparigi,16157,Trate,61114,1,2,REG23,,
TRD2022102701302,21445,23951,Ciparigi,16157,Mekar Baru,78391,1,2,REG23,,
TRD2022102701320,21445,47729,Ciparigi,16157,Penkase Oeleta,85231,2,3,REG23,,
TRD2022110702531,21445,42522,Ciparigi,16157,Bengkol,95251,2,3,REG23,,
TRD2023021305005,76789,4437,Alang-Alang Lebar,30154,Kurau Barat,33681,2,3,REG23,,
TRD2023022009079,76789,14315,Alang-Alang Lebar,30154,Datar Ruyung,38617,2,3,REG23,,
TRD2023031512507,76789,14997,Alang-Alang Lebar,30154,Bukit Harapan,36554,3,6,REG23,,
TRD2023031605820,76789,4437,Alang-Alang Lebar,30154,Kurau Barat,33681,2,3,REG23,,
TRD2022070801480,2046,41826,Bunigeulis,45556,Sidangoli Dehe,97752,5,7,REG23,,
TRD2022070900603,2046,86151,Bunigeulis,45556,Cot Teungoh,24112,3,5,REG23,,
TRD2022071200487,2046,746,Bunigeulis,45556,Pulubala,96127,2,3,REG23,,
TRD2022071300331,2046,85780,Bunigeulis,45556,Ranai Darat,29783,5,7,REG23,,
TRD2022071300411,2046,46853,Bunigeulis,45556,Pasir Putih,16516,5,7,REG23,,
TRD2022071400430,2046,41826,Bunigeulis,45556,Sidangoli Dehe,97752,5,7,REG23,,
TRD2022071400474,2046,50966,Bunigeulis,45556,Pambola Njara (Pambotanjara),87116,3,5,REG23,,
TRD2022071400667,2046,746,Bunigeulis,45556,Pulubala,96127,2,3,REG23,,
TRD2022071400831,2046,52100,Bunigeulis,45556,Pengadan (Pengadaan Baru),75684,10,1,REG23,,
TRD2022071600378,2046,50966,Bunigeulis,45556,Pambola Njara (Pambotanjara),87116,3,5,REG23,,
TRD2022071600401,2046,19998,Bunigeulis,45556,Sanggau Kolor,79251,3,5,REG23,,
TRD2022071600434,2046,52100,Bunigeulis,45556,Pengadan (Pengadaan Baru),75684,10,1,REG23,,
TRD2022071600509,2046,41826,Bunigeulis,45556,Sidangoli Dehe,97752,5,7,REG23,,
TRD2022071801360,2046,85860,Bunigeulis,45556,Sukodadi,30154,2,3,REG23,,
TRD2022071802176,2046,7996,Bunigeulis,45556,Sumlili,85351,5,7,REG23,,
TRD2022071905605,2046,7339,Bunigeulis,45556,Baruga Dua,91453,3,5,REG23,,
TRD2022072000757,2046,7996,Bunigeulis,45556,Sumlili,85351,5,7,REG23,,
TRD2022072000852,2046,73072,Bunigeulis,45556,Onansila (Oenansila),85353,3,5,REG23,,
TRD2022072100952,2046,18636,Bunigeulis,45556,Alalak Tengah,70126,2,3,REG23,,
TRD2022072101073,2046,41826,Bunigeulis,45556,Sidangoli Dehe,97752,5,7,REG23,,
TRD2022072101888,2046,41826,Bunigeulis,45556,Sidangoli Dehe,97752,5,7,REG23,,
TRD2022072508389,2046,41826,Bunigeulis,45556,Sidangoli Dehe,97752,5,7,REG23,,
TRD2022072508747,2046,41826,Bunigeulis,45556,Sidangoli Dehe,97752,5,7,REG23,,
TRD2022072509118,2046,85049,Bunigeulis,45556,Kutabanjarnegara,53418,2,3,REG23,,
TRD2022072510640,2046,41826,Bunigeulis,45556,Sidangoli Dehe,97752,5,7,REG23,,
TRD2022072510712,2046,746,Bunigeulis,45556,Pulubala,96127,2,3,REG23,,
TRD2022072600801,2046,7996,Bunigeulis,45556,Sumlili,85351,3,5,REG23,,
TRD2022072601630,2046,52100,Bunigeulis,45556,Pengadan (Pengadaan Baru),75684,10,1,REG23,,
TRD2022072701834,2046,26695,Bunigeulis,45556,Simalanggang,26251,3,5,REG23,,
TRD2022072801205,2046,55173,Bunigeulis,45556,Drajat,45133,2,3,REG23,,
TRD2022072902207,2046,3165,Bunigeulis,45556,Budong-Budong,91563,5,7,REG23,,
TRD2022080200818,2046,86080,Bunigeulis,45556,Ciparungsari,41181,2,3,REG23,,
TRD2022080200917,2046,84706,Bunigeulis,45556,Sungai Raya,78231,2,3,REG23,,
TRD2022080201011,2046,746,Bunigeulis,45556,Pulubala,96127,2,3,REG23,,
TRD2022080301500,2046,19840,Bunigeulis,45556,Nenang,76141,3,5,REG23,,
TRD2022080401138,2046,31234,Bunigeulis,45556,Baraya,90153,1,2,REG23,,
TRD2022080401650,2046,86144,Bunigeulis,45556,Kampung Baru,23116,2,3,REG23,,
TRD2022080402874,2046,40994,Bunigeulis,45556,Pegagan Lor,45152,2,3,REG23,,
TRD2022080801815,2046,14003,Bunigeulis,45556,Bugis,75121,2,3,REG23,,
TRD2022080802684,2046,19840,Bunigeulis,45556,Nenang,76141,3,5,REG23,,
TRD2022080903183,2046,85742,Bunigeulis,45556,Bangodua,45156,2,3,REG23,,
TRD2022081002138,2046,5766,Bunigeulis,45556,Tepian Terap,75684,5,7,REG23,,
TRD2022081101366,2046,83862,Bunigeulis,45556,Tapandullu,91512,5,7,REG23,,
TRD2022081201463,2046,84763,Bunigeulis,45556,Teluk Kapuas,78124,2,3,REG23,,
TRD2022081701004,49964,71565,Grogol,11450,Babura Sunggal,20121,1,2,REG23,,
TRD2022081801357,49964,84763,Grogol,11450,Teluk Kapuas,78124,1,2,REG23,,
TRD2022081801386,49964,71565,Grogol,11450,Babura Sunggal,20121,1,2,REG23,,
TRD2022081801820,2046,31291,Bunigeulis,45556,Kemuning,70714,2,3,REG23,,
TRD2022081900655,49964,85744,Grogol,11450,Peunyeurat,23117,1,2,REG23,,
TRD2022081901565,2046,56976,Bunigeulis,45556,Alue Deah Teungoh (Alue Deyah Tengoh),23232,2,3,REG23,,
TRD2022081901800,2046,746,Bunigeulis,45556,Pulubala,96127,2,3,REG23,,
TRD2022081902105,2046,37389,Bunigeulis,45556,Batu Layang,78244,2,3,REG23,,
TRD2022082201864,2046,71565,Bunigeulis,45556,Babura Sunggal,20121,2,3,REG23,,
TRD2022082205236,2046,60112,Bunigeulis,45556,13 Ilir,30123,2,3,REG23,,
TRD2022082304013,2046,57622,Bunigeulis,45556,Kota Baru,28114,2,3,REG23,,
TRD2022082501686,49964,71565,Grogol,11450,Babura Sunggal,20121,1,2,REG23,,
TRD2022082502230,2046,14003,Bunigeulis,45556,Bugis,75121,2,3,REG23,,
TRD2022082502303,2046,85744,Bunigeulis,45556,Peunyeurat,23117,2,3,REG23,,
TRD2022082503053,2046,77014,Bunigeulis,45556,Wanantara,45227,2,3,REG23,,
TRD2022082601289,2046,36064,Bunigeulis,45556,Bagan Hulu,28912,5,7,REG23,,
TRD2022082602024,2046,37389,Bunigeulis,45556,Batu Layang,78244,2,3,REG23,,
TRD2022082602812,49964,32558,Grogol,11450,Pasir Putih,36139,1,2,REG23,,
TRD2022082603108,49964,31234,Grogol,11450,Baraya,90153,2,3,REG23,,
TRD2022082603381,2046,61840,Bunigeulis,45556,Taman Arum,63419,2,3,REG23,,
TRD2022082701665,2046,3689,Bunigeulis,45556,Cipaisan,41113,2,3,REG23,,
TRD2022082701829,2046,85853,Bunigeulis,45556,Sidodadi,35353,5,7,REG23,,
TRD2022082702248,2046,19840,Bunigeulis,45556,Nenang,76141,3,5,REG23,,
TRD2022082702557,2046,31234,Bunigeulis,45556,Baraya,90153,1,2,REG23,,
TRD2022082904577,2046,3689,Bunigeulis,45556,Cipaisan,41113,2,3,REG23,,
TRD2022082904716,2046,14003,Bunigeulis,45556,Bugis,75121,2,3,REG23,,
TRD2022082906645,2046,3165,Bunigeulis,45556,Budong-Budong,91563,5,7,REG23,,
TRD2022083002904,2046,3689,Bunigeulis,45556,Cipaisan,41113,2,3,REG23,,
TRD2022083006687,2046,84659,Bunigeulis,45556,Darul Makmur,24652,5,7,REG23,,
TRD2022083100814,2046,85744,Bunigeulis,45556,Peunyeurat,23117,2,3,REG23,,
TRD2022083101124,2046,9879,Bunigeulis,45556,Sumber Rejo,34388,5,7,REG23,,
TRD2022083102061,2046,57446,Bunigeulis,45556,Hakim Bale Bujang,24513,5,7,REG23,,
TRD2022083102070,2046,65846,Bunigeulis,45556,Kubu Parak Karakah (Dalam),25126,2,3,REG23,,
TRD2022083102149,2046,47432,Bunigeulis,45556,Katobengke,93724,3,5,REG23,,
TRD2022083102224,2046,42356,Bunigeulis,45556,Besar,20251,2,3,REG23,,
TRD2022083102359,2046,29008,Bunigeulis,45556,Antang,90234,1,2,REG23,,
TRD2022083102386,2046,32558,Bunigeulis,45556,Pasir Putih,36139,2,3,REG23,,
TRD2022083102678,2046,31234,Bunigeulis,45556,Baraya,90153,1,2,REG23,,
TRD2022090300785,2758,70499,Pekayon Jaya,17148,Penfui,85148,2,3,REG23,,
TRD2022090301654,2758,19840,Pekayon Jaya,17148,Nenang,76141,3,5,REG23,,
TRD2022090302946,2046,85744,Bunigeulis,45556,Peunyeurat,23117,2,3,REG23,,
TRD2022090501483,2758,746,Pekayon Jaya,17148,Pulubala,96127,2,3,REG23,,
TRD2022090501544,2758,86151,Pekayon Jaya,17148,Cot Teungoh,24112,2,3,REG23,,
TRD2022090800163,2758,19840,Pekayon Jaya,17148,Nenang,76141,3,5,REG23,,
TRD2022091004145,2046,31234,Bunigeulis,45556,Baraya,90153,1,2,REG23,,
TRD2022091203924,2758,86861,Pekayon Jaya,17148,Lubuk Tukko,22533,2,3,REG23,,
TRD2022091204347,2758,66136,Pekayon Jaya,17148,Bataraguru,93714,3,5,REG23,,
TRD2022091206451,2758,39985,Pekayon Jaya,17148,Cinta Damai,20126,1,2,REG23,,
TRD2022091302408,2046,84659,Bunigeulis,45556,Darul Makmur,24652,5,7,REG23,,
TRD2022091500243,2758,37389,Pekayon Jaya,17148,Batu Layang,78244,1,2,REG23,,
TRD2022091501358,2046,86144,Bunigeulis,45556,Kampung Baru,23116,2,3,REG23,,
TRD2022091602053,2758,39081,Pekayon Jaya,17148,Kota Tanjung Pandan,33411,1,2,REG23,,
TRD2022091602948,2046,55173,Bunigeulis,45556,Drajat,45133,2,3,REG23,,
TRD2022091603158,2758,62743,Pekayon Jaya,17148,Abeli,93234,2,3,REG23,,
TRD2022091603645,2046,746,Bunigeulis,45556,Pulubala,96127,2,3,REG23,,
TRD2022091700985,2758,746,Pekayon Jaya,17148,Pulubala,96127,2,3,REG23,,
TRD2022091701983,2758,3165,Pekayon Jaya,17148,Budong-Budong,91563,5,7,REG23,,
TRD2022091702409,2758,37389,Pekayon Jaya,17148,Batu Layang,78244,1,2,REG23,,
TRD2022091900730,2758,31234,Pekayon Jaya,17148,Baraya,90153,2,3,REG23,,
TRD2022092001137,2758,37185,Pekayon Jaya,17148,Dirma,85761,10,1,REG23,,
TRD2022092102013,2758,71565,Pekayon Jaya,17148,Babura Sunggal,20121,1,2,REG23,,
TRD2022092201090,2046,37641,Bunigeulis,45556,Ulee Pata,23235,2,3,REG23,,
TRD2022092300448,2758,73072,Pekayon Jaya,17148,Onansila (Oenansila),85353,5,9,REG23,,
TRD2022092402015,2758,86151,Pekayon Jaya,17148,Cot Teungoh,24112,2,3,REG23,,
TRD2022092404168,2046,71565,Bunigeulis,45556,Babura Sunggal,20121,2,3,REG23,,
TRD2022092602707,2758,85744,Pekayon Jaya,17148,Peunyeurat,23117,1,2,REG23,,
TRD2022092607300,2758,85017,Pekayon Jaya,17148,Parit Baru,78234,1,2,REG23,,
TRD2022092701200,2758,18636,Pekayon Jaya,17148,Alalak Tengah,70126,1,2,REG23,,
TRD2022092703455,2046,3689,Bunigeulis,45556,Cipaisan,41113,2,3,REG23,,
TRD2022092801795,2758,86144,Pekayon Jaya,17148,Kampung Baru,23116,1,2,REG23,,
TRD2022092804462,2046,85744,Bunigeulis,45556,Peunyeurat,23117,2,3,REG23,,
TRD2022092903519,2758,83862,Pekayon Jaya,17148,Tapandullu,91512,5,7,REG23,,
TRD2022100100929,2758,57622,Pekayon Jaya,17148,Kota Baru,28114,1,2,REG23,,
TRD2022100101056,2758,26695,Pekayon Jaya,17148,Simalanggang,26251,2,3,REG23,,
TRD2022100101336,2758,61840,Pekayon Jaya,17148,Taman Arum,63419,2,3,REG23,,
TRD2022100300546,2758,19840,Pekayon Jaya,17148,Nenang,76141,3,5,REG23,,
TRD2022100503337,2758,84763,Pekayon Jaya,17148,Teluk Kapuas,78124,1,2,REG23,,
TRD2022100603104,2046,86503,Bunigeulis,45556,Tanah Merah,28284,2,3,REG23,,
TRD2022100603161,2046,83862,Bunigeulis,45556,Tapandullu,91512,5,7,REG23,,
TRD2022100701603,2758,10831,Pekayon Jaya,17148,Lemahabang,41383,3,6,REG23,,
TRD2022100800831,2758,26695,Pekayon Jaya,17148,Simalanggang,26251,2,3,REG23,,
TRD2022101003490,2046,21665,Bunigeulis,45556,Komperta,30268,2,3,REG23,,
TRD2022101101855,2758,19840,Pekayon Jaya,17148,Nenang,76141,3,5,REG23,,
TRD2022101302828,2046,10831,Bunigeulis,45556,Lemahabang,41383,2,3,REG23,,
TRD2022101401012,2758,85744,Pekayon Jaya,17148,Peunyeurat,23117,1,2,REG23,,
TRD2022101700688,2758,86144,Pekayon Jaya,17148,Kampung Baru,23116,1,2,REG23,,
TRD2022101703699,2758,21665,Pekayon Jaya,17148,Komperta,30268,1,2,REG23,,
TRD2022101801775,2758,10610,Pekayon Jaya,17148,Sendaur,28755,3,6,REG23,,
TRD2022101802347,2046,3689,Bunigeulis,45556,Cipaisan,41113,2,3,REG23,,
TRD2022101900333,2758,56976,Pekayon Jaya,17148,Alue Deah Teungoh (Alue Deyah Tengoh),23232,1,2,REG23,,
TRD2022101902296,2046,746,Bunigeulis,45556,Pulubala,96127,2,3,REG23,,
TRD2022102100322,2758,19840,Pekayon Jaya,17148,Nenang,76141,3,5,REG23,,
TRD2022102100501,2758,41902,Pekayon Jaya,17148,Bada,84211,2,3,REG23,,
TRD2022102503387,2046,11045,Bunigeulis,45556,Kampung Besar Kota,29312,3,5,REG23,,
TRD2022102503655,2046,83862,Bunigeulis,45556,Tapandullu,91512,5,7,REG23,,
TRD2022102900255,2758,26695,Pekayon Jaya,17148,Simalanggang,26251,2,3,REG23,,
TRD2022102901710,2046,3689,Bunigeulis,45556,Cipaisan,41113,2,3,REG23,,
TRD2022103102376,2758,83862,Pekayon Jaya,17148,Tapandullu,91512,5,7,REG23,,
TRD2022103106258,2758,83862,Pekayon Jaya,17148,Tapandullu,91512,5,7,REG23,,
TRD2022103106346,2758,31234,Pekayon Jaya,17148,Baraya,90153,2,3,REG23,,
TRD2022103106828,2758,86879,Pekayon Jaya,17148,Deli Tua,20144,1,2,REG23,,
TRD2022103107368,2758,80951,Pekayon Jaya,17148,Kota Baru,85519,5,9,REG23,,
TRD2022110101721,2758,86144,Pekayon Jaya,17148,Kampung Baru,23116,1,2,REG23,,
TRD2022110302257,2046,34398,Bunigeulis,45556,Sungai Buluh,78864,5,7,REG23,,
TRD2022110401015,2046,49552,Bunigeulis,45556,Cibungur,41181,2,3,REG23,,
TRD2022110701798,2758,86144,Pekayon Jaya,17148,Kampung Baru,23116,1,2,REG23,,
TRD2022110702010,2758,86144,Pekayon Jaya,17148,Kampung Baru,23116,1,2,REG23,,
TRD2022110702226,2758,37389,Pekayon Jaya,17148,Batu Layang,78244,1,2,REG23,,
TRD2022110902347,2046,51877,Bunigeulis,45556,Gampong Pande,23128,2,3,REG23,,
TRD2022110903137,2758,37641,Pekayon Jaya,17148,Ulee Pata,23235,1,2,REG23,,
TRD2022111000540,2758,86208,Pekayon Jaya,17148,16 Ulu,30117,1,2,REG23,,
TRD2022111405326,2758,71565,Pekayon Jaya,17148,Babura Sunggal,20121,1,2,REG23,,
TRD2022111502518,2758,31234,Pekayon Jaya,17148,Baraya,90153,2,3,REG23,,
TRD2022111503016,2046,3165,Bunigeulis,45556,Budong-Budong,91563,5,7,REG23,,
TRD2022111601973,2046,86151,Bunigeulis,45556,Cot Teungoh,24112,3,5,REG23,,
TRD2022111602808,2046,31234,Bunigeulis,45556,Baraya,90153,1,2,REG23,,
TRD2022111701655,2758,27537,Pekayon Jaya,17148,Keteguhan,35235,1,2,REG23,,
TRD2022112602597,2046,86144,Bunigeulis,45556,Kampung Baru,23116,2,3,REG23,,
TRD2022113001445,2758,73072,Pekayon Jaya,17148,Onansila (Oenansila),85353,5,9,REG23,,
TRD2022120202124,2758,35150,Pekayon Jaya,17148,Tode Kisar,85229,2,3,REG23,,
TRD2022120203396,2046,3165,Bunigeulis,45556,Budong-Budong,91563,5,7,REG23,,
TRD2022120501802,87275,26695,Rintis,28155,Simalanggang,26251,2,3,REG23,,
TRD2022120802355,85513,30139,Kerobokan Kelod,80117,Done,86152,2,3,REG23,,
TRD2022120902816,85513,14890,Kerobokan Kelod,80117,Hewokloang,86181,2,3,REG23,,
TRD2022121205833,2758,86866,Pekayon Jaya,17148,Mattoangin,90224,2,3,REG23,,
TRD2022121602732,87275,36064,Rintis,28155,Bagan Hulu,28912,3,6,REG23,,
TRD2022121702419,85513,30139,Kerobokan Kelod,80117,Done,86152,2,3,REG23,,
TRD2022121906561,85513,14890,Kerobokan Kelod,80117,Hewokloang,86181,2,3,REG23,,
TRD2022121906725,88124,37641,A M P L A S,20148,Ulee Pata,23235,2,3,REG23,,
TRD2022122001103,2046,48190,Bunigeulis,45556,Brang Bara,84314,2,3,REG23,,
TRD2022122204784,2758,37185,Pekayon Jaya,17148,Dirma,85761,10,1,REG23,,
TRD2022122604987,88124,86144,A M P L A S,20148,Kampung Baru,23116,2,3,REG23,,
TRD2022122704204,85513,30139,Kerobokan Kelod,80117,Done,86152,2,3,REG23,,
TRD2022122803490,85513,84497,Kerobokan Kelod,80117,Beo Sepang,86754,5,6,REG23,,
TRD2022122904389,85513,14890,Kerobokan Kelod,80117,Hewokloang,86181,2,3,REG23,,
TRD2022123005140,85513,18797,Kerobokan Kelod,80117,Tikatukang,86262,5,6,REG23,,
TRD2022123105497,88124,86144,A M P L A S,20148,Kampung Baru,23116,2,3,REG23,,
TRD2022123105621,88124,86144,A M P L A S,20148,Kampung Baru,23116,2,3,REG23,,
TRD2023010210852,2758,18032,Pekayon Jaya,17148,Girian Indah,95511,3,5,REG23,,
TRD2023010506069,2758,77505,Pekayon Jaya,17148,Hambala,87112,3,5,REG23,,
TRD2023010603867,85513,18797,Kerobokan Kelod,80117,Tikatukang,86262,5,6,REG23,,
TRD2023010603945,85513,14890,Kerobokan Kelod,80117,Hewokloang,86181,2,3,REG23,,
TRD2023010705429,85513,92503,Kerobokan Kelod,80117,Nyur Lembang,83371,2,3,REG23,,
TRD2023010705431,85513,14890,Kerobokan Kelod,80117,Hewokloang,86181,2,3,REG23,,
TRD2023010906552,85513,30139,Kerobokan Kelod,80117,Done,86152,2,3,REG23,,
TRD2023010907505,87275,80794,Rintis,28155,Bukit Datuk,28825,2,3,REG23,,
TRD2023010908317,2758,86801,Pekayon Jaya,17148,Talang Semut,30136,1,2,REG23,,
TRD2023011204831,2758,56976,Pekayon Jaya,17148,Alue Deah Teungoh (Alue Deyah Tengoh),23232,1,2,REG23,,
TRD2023011205002,85513,84497,Kerobokan Kelod,80117,Beo Sepang,86754,5,6,REG23,,
TRD2023011206483,2046,746,Bunigeulis,45556,Pulubala,96127,2,3,REG23,,
TRD2023011207611,2758,73072,Pekayon Jaya,17148,Onansila (Oenansila),85353,5,9,REG23,,
TRD2023011303416,85513,14890,Kerobokan Kelod,80117,Hewokloang,86181,2,3,REG23,,
TRD2023011405883,2758,21665,Pekayon Jaya,17148,Komperta,30268,1,2,REG23,,
TRD2023011607319,2758,37185,Pekayon Jaya,17148,Dirma,85761,10,1,REG23,,
TRD2023011703807,85513,84497,Kerobokan Kelod,80117,Beo Sepang,86754,5,6,REG23,,
TRD2023011704234,85513,18797,Kerobokan Kelod,80117,Tikatukang,86262,5,6,REG23,,
TRD2023012003162,2758,86933,Pekayon Jaya,17148,Way Urang,35551,2,3,REG23,,
TRD2023012304837,85513,14890,Kerobokan Kelod,80117,Hewokloang,86181,2,3,REG23,,
TRD2023012306364,87275,59980,Rintis,28155,Tanjung Unggat,29122,2,3,REG23,,
TRD2023012503840,2046,3689,Bunigeulis,45556,Cipaisan,41113,2,3,REG23,,
TRD2023012505988,2046,47432,Bunigeulis,45556,Katobengke,93724,3,5,REG23,,
TRD2023012506077,2046,53789,Bunigeulis,45556,Lateri,97231,2,3,REG23,,
TRD2023012506307,2046,53789,Bunigeulis,45556,Lateri,97231,2,3,REG23,,
TRD2023012506310,2046,30739,Bunigeulis,45556,Karya Baru,93757,3,5,REG23,,
TRD2023012506420,2046,1112,Bunigeulis,45556,Waisai,98482,4,6,REG23,,
TRD2023012506509,2046,39081,Bunigeulis,45556,Kota Tanjung Pandan,33411,2,3,REG23,,
TRD2023012506531,2046,85761,Bunigeulis,45556,Bintuni Timur,98364,4,6,REG23,,
TRD2023012506550,2046,13833,Bunigeulis,45556,Sungailiat,33211,3,5,REG23,,
TRD2023012604751,85513,84499,Kerobokan Kelod,80117,Compang Liang Ndara,86757,2,3,REG23,,
TRD2023012704976,49964,25959,Grogol,11450,Benua Anyar,70239,1,2,REG23,,
TRD2023012705262,49964,26695,Grogol,11450,Simalanggang,26251,2,3,REG23,,
TRD2023012803512,85513,30139,Kerobokan Kelod,80117,Done,86152,2,3,REG23,,
TRD2023013006916,85513,25811,Kerobokan Kelod,80117,Karuni,87254,2,3,REG23,,
TRD2023020103127,2758,3401,Pekayon Jaya,17148,Pa Batang,90131,2,3,REG23,,
TRD2023020106326,2758,83868,Pekayon Jaya,17148,Pal Putih,98412,2,4,REG23,,
TRD2023020606911,85513,30139,Kerobokan Kelod,80117,Done,86152,2,3,REG23,,
TRD2023020608826,2046,85744,Bunigeulis,45556,Peunyeurat,23117,2,3,REG23,,
TRD2023020609587,2758,48190,Pekayon Jaya,17148,Brang Bara,84314,2,3,REG23,,
TRD2023020703750,2758,71565,Pekayon Jaya,17148,Babura Sunggal,20121,1,2,REG23,,
TRD2023020706004,2758,26950,Pekayon Jaya,17148,Atambua kota,85711,3,5,REG23,,
TRD2023020904385,2758,56976,Pekayon Jaya,17148,Alue Deah Teungoh (Alue Deyah Tengoh),23232,1,2,REG23,,
TRD2023021003362,45067,12588,Sumur Batu,17148,Moti Kota,97751,5,7,REG23,,
TRD2023021003664,45067,12588,Sumur Batu,17148,Moti Kota,97751,5,7,REG23,,
TRD2023021003688,45067,56162,Sumur Batu,17148,Simpang Empat,72213,3,6,REG23,,
TRD2023021003756,45067,20156,Sumur Batu,17148,Meras,95231,5,7,REG23,,
TRD2023021003804,49964,20156,Grogol,11450,Meras,95231,5,7,REG23,,
TRD2023021003826,49964,12588,Grogol,11450,Moti Kota,97751,5,7,REG23,,
TRD2023021005378,45067,12588,Sumur Batu,17148,Moti Kota,97751,5,7,REG23,,
TRD2023021005388,45067,12588,Sumur Batu,17148,Moti Kota,97751,5,7,REG23,,
TRD2023021103487,45067,20156,Sumur Batu,17148,Meras,95231,5,7,REG23,,
TRD2023021103501,45067,37434,Sumur Batu,17148,Payahe,97852,10,1,REG23,,
TRD2023021103697,2046,24236,Bunigeulis,45556,Gewerpe,98611,4,6,REG23,,
TRD2023021103738,45067,37434,Sumur Batu,17148,Payahe,97852,10,1,REG23,,
TRD2023021103745,45067,12588,Sumur Batu,17148,Moti Kota,97751,5,7,REG23,,
TRD2023021105075,45067,12588,Sumur Batu,17148,Moti Kota,97751,5,7,REG23,,
TRD2023021105109,45067,12588,Sumur Batu,17148,Moti Kota,97751,5,7,REG23,,
TRD2023021105111,45067,2426,Sumur Batu,17148,Jamu,84373,10,1,REG23,,
TRD2023021305991,45067,20156,Sumur Batu,17148,Meras,95231,5,7,REG23,,
TRD2023021306051,2046,3701,Bunigeulis,45556,Yapema,99511,6,9,REG23,,
TRD2023021306054,2046,3701,Bunigeulis,45556,Yapema,99511,6,9,REG23,,
TRD2023021306113,2046,785,Bunigeulis,45556,Mariarotu (Mariar Rotu),98215,4,6,REG23,,
TRD2023021306397,45067,6847,Sumur Batu,17148,Saketa,97782,10,1,REG23,,
TRD2023021306405,45067,12588,Sumur Batu,17148,Moti Kota,97751,5,7,REG23,,
TRD2023021306544,45067,12588,Sumur Batu,17148,Moti Kota,97751,5,7,REG23,,
TRD2023021307239,2046,91780,Bunigeulis,45556,Tuguwaji,97813,3,5,REG23,,
TRD2023021307527,45067,12588,Sumur Batu,17148,Moti Kota,97751,5,7,REG23,,
TRD2023021307853,2046,3701,Bunigeulis,45556,Yapema,99511,6,9,REG23,,
TRD2023021309559,45067,12588,Sumur Batu,17148,Moti Kota,97751,5,7,REG23,,
TRD2023021404736,49964,14449,Grogol,11450,Penerokan,36611,3,6,REG23,,
TRD2023021404795,49964,20156,Grogol,11450,Meras,95231,5,7,REG23,,
TRD2023021404800,49964,20156,Grogol,11450,Meras,95231,5,7,REG23,,
TRD2023021404856,3047,14041,Padangsambian Klod/Kelod,80117,Kajowair,86181,2,3,REG23,,
TRD2023021405048,45067,12588,Sumur Batu,17148,Moti Kota,97751,5,7,REG23,,
TRD2023021405091,45067,91780,Sumur Batu,17148,Tuguwaji,97813,3,5,REG23,,
TRD2023021405106,45067,12588,Sumur Batu,17148,Moti Kota,97751,5,7,REG23,,
TRD2023021405520,2046,9106,Bunigeulis,45556,Tefarewar,99373,4,6,REG23,,
TRD2023021405982,2046,37434,Bunigeulis,45556,Payahe,97852,10,1,REG23,,
TRD2023021406002,2046,3816,Bunigeulis,45556,Marbun,22457,5,7,REG23,,
TRD2023021503632,88124,2385,A M P L A S,20148,Situnjak,21274,1,3,REG23,,
TRD2023021503651,88124,1676,A M P L A S,20148,Rianiate,22392,1,2,REG23,,
TRD2023021503976,3047,2004,Padangsambian Klod/Kelod,80117,Netutnana,85573,5,6,REG23,,
TRD2023021504011,45067,12588,Sumur Batu,17148,Moti Kota,97751,5,7,REG23,,
TRD2023021504225,2046,3701,Bunigeulis,45556,Yapema,99511,6,9,REG23,,
TRD2023021504228,2046,28018,Bunigeulis,45556,Kesenden,45121,2,3,REG23,,
TRD2023021504366,45067,12588,Sumur Batu,17148,Moti Kota,97751,5,7,REG23,,
TRD2023021504991,45067,20156,Sumur Batu,17148,Meras,95231,5,7,REG23,,
TRD2023021505690,2046,9106,Bunigeulis,45556,Tefarewar,99373,4,6,REG23,,
TRD2023021505710,2046,37434,Bunigeulis,45556,Payahe,97852,10,1,REG23,,
TRD2023021505731,2046,3701,Bunigeulis,45556,Yapema,99511,6,9,REG23,,
TRD2023021603245,45067,12588,Sumur Batu,17148,Moti Kota,97751,5,7,REG23,,
TRD2023021603373,88124,1179,A M P L A S,20148,Harewakhe,22851,4,5,REG23,,
TRD2023021604510,45067,11692,Sumur Batu,17148,Bojongsari,46418,3,6,REG23,,
TRD2023021606289,45067,12588,Sumur Batu,17148,Moti Kota,97751,5,7,REG23,,
TRD2023021606322,45067,12588,Sumur Batu,17148,Moti Kota,97751,5,7,REG23,,
TRD2023021703401,45067,20156,Sumur Batu,17148,Meras,95231,5,7,REG23,,
TRD2023021703682,3047,30139,Padangsambian Klod/Kelod,80117,Done,86152,2,3,REG23,,
TRD2023021705268,45067,12588,Sumur Batu,17148,Moti Kota,97751,5,7,REG23,,
TRD2023021706069,45067,12588,Sumur Batu,17148,Moti Kota,97751,5,7,REG23,,
TRD2023021802578,45067,12588,Sumur Batu,17148,Moti Kota,97751,5,7,REG23,,
TRD2023021802580,45067,12588,Sumur Batu,17148,Moti Kota,97751,5,7,REG23,,
TRD2023021802587,45067,20156,Sumur Batu,17148,Meras,95231,5,7,REG23,,
TRD2023021802650,45067,12588,Sumur Batu,17148,Moti Kota,97751,5,7,REG23,,
TRD2023022009456,3047,16385,Padangsambian Klod/Kelod,80117,Nggesa,86371,5,6,REG23,,
TRD2023022009605,45067,12588,Sumur Batu,17148,Moti Kota,97751,5,7,REG23,,
TRD2023022009687,45067,12588,Sumur Batu,17148,Moti Kota,97751,5,7,REG23,,
TRD2023022009696,45067,12588,Sumur Batu,17148,Moti Kota,97751,5,7,REG23,,
TRD2023022010009,57660,2909,Tomang,11440,Cemaga Tengah,29783,10,1,REG23,,
TRD2023022010036,57660,12588,Tomang,11440,Moti Kota,97751,5,7,REG23,,
TRD2023022010147,57660,1179,Tomang,11440,Harewakhe,22851,3,6,REG23,,
TRD2023022011318,45067,20156,Sumur Batu,17148,Meras,95231,5,7,REG23,,
TRD2023022105335,45067,71565,Sumur Batu,17148,Babura Sunggal,20121,1,2,REG23,,
TRD2023022105615,49964,3816,Grogol,11450,Marbun,22457,3,6,REG23,,
TRD2023022204384,45067,838,Sumur Batu,17148,Pasir Intan,28557,3,6,REG23,,
TRD2023022205283,45067,12588,Sumur Batu,17148,Moti Kota,97751,5,7,REG23,,
TRD2023022305279,3047,27266,Padangsambian Klod/Kelod,80117,Fatukanutu (Fatuknutu),85362,10,1,REG23,,
TRD2023022306577,49964,12588,Grogol,11450,Moti Kota,97751,5,7,REG23,,
TRD2023022306677,49964,20156,Grogol,11450,Meras,95231,5,7,REG23,,
TRD2023022504072,88124,3816,A M P L A S,20148,Marbun,22457,1,3,REG23,,
TRD2023030105455,45067,12588,Sumur Batu,17148,Moti Kota,97751,5,7,REG23,,
TRD2023030105458,45067,24236,Sumur Batu,17148,Gewerpe,98611,4,6,REG23,,
TRD2023030105473,45067,12588,Sumur Batu,17148,Moti Kota,97751,5,7,REG23,,
TRD2023030105480,45067,12588,Sumur Batu,17148,Moti Kota,97751,5,7,REG23,,
TRD2023030105758,45067,12588,Sumur Batu,17148,Moti Kota,97751,5,7,REG23,,
TRD2023030105763,45067,12588,Sumur Batu,17148,Moti Kota,97751,5,7,REG23,,
TRD2023030105780,45067,12588,Sumur Batu,17148,Moti Kota,97751,5,7,REG23,,
TRD2023030105981,45067,12588,Sumur Batu,17148,Moti Kota,97751,5,7,REG23,,
TRD2023030106091,45067,60792,Sumur Batu,17148,Balusu,91853,5,7,REG23,,
TRD2023030106093,45067,20156,Sumur Batu,17148,Meras,95231,5,7,REG23,,
TRD2023030106331,49964,81786,Grogol,11450,Tanjunggagak,37481,3,6,REG23,,
TRD2023030106363,49964,3483,Grogol,11450,Ringkit,72272,5,7,REG23,,
TRD2023030106456,49964,20156,Grogol,11450,Meras,95231,5,7,REG23,,
TRD2023030106462,49964,3816,Grogol,11450,Marbun,22457,3,6,REG23,,
TRD2023030106561,45067,26017,Sumur Batu,17148,Remu Utara,98416,2,4,REG23,,
TRD2023030106806,45067,12588,Sumur Batu,17148,Moti Kota,97751,5,7,REG23,,
TRD2023030106817,45067,14817,Sumur Batu,17148,Aiboa,98261,6,9,REG23,,
TRD2023030106818,45067,24236,Sumur Batu,17148,Gewerpe,98611,4,6,REG23,,
TRD2023030106828,45067,24236,Sumur Batu,17148,Gewerpe,98611,4,6,REG23,,
TRD2023030107426,2046,15454,Bunigeulis,45556,Jaya Sakti,34161,5,7,REG23,,
TRD2023030107435,2046,24056,Bunigeulis,45556,Beong,95861,3,5,REG23,,
TRD2023030205206,3047,8336,Padangsambian Klod/Kelod,80117,Lewomada,86183,5,6,REG23,,
TRD2023030205568,79938,838,Padang Terubuk,28155,Pasir Intan,28557,3,6,REG23,,
TRD2023030208185,2046,7681,Bunigeulis,45556,Waeperang,97571,10,1,REG23,,
TRD2023030208516,49964,12588,Grogol,11450,Moti Kota,97751,5,7,REG23,,
TRD2023030208519,49964,1270,Grogol,11450,Drien Dua,24352,3,6,REG23,,
TRD2023030208619,49964,20156,Grogol,11450,Meras,95231,5,7,REG23,,
TRD2023030209372,45067,24236,Sumur Batu,17148,Gewerpe,98611,4,6,REG23,,
TRD2023030209600,45067,20156,Sumur Batu,17148,Meras,95231,5,7,REG23,,
TRD2023030305365,88124,15299,A M P L A S,20148,Lobuhole,22417,1,3,REG23,,
TRD2023030305367,88124,2981,A M P L A S,20148,Ateuk Deah Tanoh,23244,2,3,REG23,,
TRD2023030307150,45067,24236,Sumur Batu,17148,Gewerpe,98611,4,6,REG23,,
TRD2023030307171,45067,14817,Sumur Batu,17148,Aiboa,98261,6,9,REG23,,
TRD2023030307189,45067,6847,Sumur Batu,17148,Saketa,97782,10,1,REG23,,
TRD2023030307761,45067,14817,Sumur Batu,17148,Aiboa,98261,6,9,REG23,,
TRD2023030405829,45067,14817,Sumur Batu,17148,Aiboa,98261,6,9,REG23,,
TRD2023030406028,45067,1179,Sumur Batu,17148,Harewakhe,22851,3,6,REG23,,
TRD2023030406040,45067,12588,Sumur Batu,17148,Moti Kota,97751,5,7,REG23,,
TRD2023030607641,45067,12588,Sumur Batu,17148,Moti Kota,97751,5,7,REG23,,
TRD2023030607646,45067,12588,Sumur Batu,17148,Moti Kota,97751,5,7,REG23,,
TRD2023030607667,45067,24236,Sumur Batu,17148,Gewerpe,98611,4,6,REG23,,
TRD2023030607669,45067,24236,Sumur Batu,17148,Gewerpe,98611,4,6,REG23,,
TRD2023030607690,45067,12588,Sumur Batu,17148,Moti Kota,97751,5,7,REG23,,
TRD2023030607694,45067,12588,Sumur Batu,17148,Moti Kota,97751,5,7,REG23,,
TRD2023030608024,45067,12588,Sumur Batu,17148,Moti Kota,97751,5,7,REG23,,
TRD2023030609014,45067,24236,Sumur Batu,17148,Gewerpe,98611,4,6,REG23,,
TRD2023030609083,45067,24236,Sumur Batu,17148,Gewerpe,98611,4,6,REG23,,
TRD2023030609086,45067,24236,Sumur Batu,17148,Gewerpe,98611,4,6,REG23,,
TRD2023030609844,45067,12588,Sumur Batu,17148,Moti Kota,97751,5,7,REG23,,
TRD2023030610944,2046,9106,Bunigeulis,45556,Tefarewar,99373,4,6,REG23,,
TRD2023030611698,45067,13375,Sumur Batu,17148,Feruni,92361,10,1,REG23,,
TRD2023030612067,45067,12588,Sumur Batu,17148,Moti Kota,97751,5,7,REG23,,
TRD2023030612130,45067,12588,Sumur Batu,17148,Moti Kota,97751,5,7,REG23,,
TRD2023030612151,45067,14817,Sumur Batu,17148,Aiboa,98261,6,9,REG23,,
TRD2023030706351,45067,12588,Sumur Batu,17148,Moti Kota,97751,5,7,REG23,,
TRD2023030706368,45067,12588,Sumur Batu,17148,Moti Kota,97751,5,7,REG23,,
TRD2023030706402,45067,12588,Sumur Batu,17148,Moti Kota,97751,5,7,REG23,,
TRD2023030805623,45067,12588,Sumur Batu,17148,Moti Kota,97751,5,7,REG23,,
TRD2023030805695,88124,1629,A M P L A S,20148,Pagaran Dolok Pinarik,22742,3,6,REG23,,
TRD2023030805748,79938,838,Padang Terubuk,28155,Pasir Intan,28557,3,6,REG23,,
TRD2023030805837,45067,12588,Sumur Batu,17148,Moti Kota,97751,5,7,REG23,,
TRD2023030805910,45067,12588,Sumur Batu,17148,Moti Kota,97751,5,7,REG23,,
TRD2023030806219,45067,24236,Sumur Batu,17148,Gewerpe,98611,4,6,REG23,,
TRD2023030806223,45067,12588,Sumur Batu,17148,Moti Kota,97751,5,7,REG23,,
TRD2023030806236,45067,24236,Sumur Batu,17148,Gewerpe,98611,4,6,REG23,,
TRD2023030807692,45067,12588,Sumur Batu,17148,Moti Kota,97751,5,7,REG23,,
TRD2023030907909,45067,24236,Sumur Batu,17148,Gewerpe,98611,4,6,REG23,,
TRD2023030908316,49964,12588,Grogol,11450,Moti Kota,97751,5,7,REG23,,
TRD2023030908564,45067,24236,Sumur Batu,17148,Gewerpe,98611,4,6,REG23,,
TRD2023031006075,45067,24236,Sumur Batu,17148,Gewerpe,98611,4,6,REG23,,
TRD2023031006996,45067,24236,Sumur Batu,17148,Gewerpe,98611,4,6,REG23,,
TRD2023031008825,45067,24236,Sumur Batu,17148,Gewerpe,98611,4,6,REG23,,
TRD2023031008843,45067,24236,Sumur Batu,17148,Gewerpe,98611,4,6,REG23,,
TRD2023031105315,88124,1052,A M P L A S,20148,Sawit Hulu,20811,1,3,REG23,,
TRD2023031105572,45067,12588,Sumur Batu,17148,Moti Kota,97751,5,7,REG23,,
TRD2023031105575,45067,14817,Sumur Batu,17148,Aiboa,98261,6,9,REG23,,
TRD2023031105889,49964,12588,Grogol,11450,Moti Kota,97751,5,7,REG23,,
TRD2023031106059,45067,24236,Sumur Batu,17148,Gewerpe,98611,4,6,REG23,,
TRD2023031308455,45067,14817,Sumur Batu,17148,Aiboa,98261,6,9,REG23,,
TRD2023031309249,2046,32703,Bunigeulis,45556,Sendana,91959,3,5,REG23,,
TRD2023031309550,88124,3816,A M P L A S,20148,Marbun,22457,1,3,REG23,,
TRD2023031310105,45067,7832,Sumur Batu,17148,Karya Bakti,93672,5,7,REG23,,
TRD2023031310781,49964,91780,Grogol,11450,Tuguwaji,97813,3,5,REG23,,
TRD2023031311759,45067,14817,Sumur Batu,17148,Aiboa,98261,6,9,REG23,,
TRD2023031407198,45067,2426,Sumur Batu,17148,Jamu,84373,10,1,REG23,,
TRD2023031407225,45067,24236,Sumur Batu,17148,Gewerpe,98611,4,6,REG23,,
TRD2023031512012,88124,1052,A M P L A S,20148,Sawit Hulu,20811,1,3,REG23,,
TRD2023031512791,45067,14817,Sumur Batu,17148,Aiboa,98261,6,9,REG23,,
TRD2023031514091,45067,14817,Sumur Batu,17148,Aiboa,98261,6,9,REG23,,
TRD2023031514105,45067,24236,Sumur Batu,17148,Gewerpe,98611,4,6,REG23,,
TRD2023031514107,45067,12588,Sumur Batu,17148,Moti Kota,97751,5,7,REG23,,
TRD2023031514147,45067,9106,Sumur Batu,17148,Tefarewar,99373,4,6,REG23,,
TRD2023031605920,2046,1620,Bunigeulis,45556,Dosay (Dosai),99358,6,9,REG23,,
TRD2023031606000,88124,1819,A M P L A S,20148,Situmekar,45363,5,7,REG23,,
TRD2023031606098,79938,838,Padang Terubuk,28155,Pasir Intan,28557,3,6,REG23,,
TRD2023031606112,79938,2909,Padang Terubuk,28155,Cemaga Tengah,29783,10,1,REG23,,
TRD2023031606575,45067,9106,Sumur Batu,17148,Tefarewar,99373,4,6,REG23,,
TRD2023031607058,2046,3701,Bunigeulis,45556,Yapema,99511,6,9,REG23,,
TRD2023032104537,45067,16728,Sumur Batu,17148,Pematang Silampuyang,21136,3,6,REG23,,
TRD2023032104616,2046,20156,Bunigeulis,45556,Meras,95231,5,7,REG23,,
TRD2023032105883,2046,20156,Bunigeulis,45556,Meras,95231,5,7,REG23,,
TRD2023032208844,45067,60792,Sumur Batu,17148,Balusu,91853,5,7,REG23,,
TRD2023032506034,3047,2426,Padangsambian Klod/Kelod,80117,Jamu,84373,10,1,REG23,,
TRD2023032506091,3047,27266,Padangsambian Klod/Kelod,80117,Fatukanutu (Fatuknutu),85362,10,1,REG23,,
TRD2023032807023,2046,10184,Bunigeulis,45556,Kuala Pidie,24112,3,5,REG23,,
TRD2023040310474,57660,81786,Tomang,11440,Tanjunggagak,37481,3,6,REG23,,
TRD2022071905003,45771,82792,Setianegara,45556,Atabar,99351,2,4,REG23,,
TRD2022071905073,45771,55015,Setianegara,45556,Tilihua,96214,3,5,REG23,,
TRD2022101002913,21445,3165,Ciparigi,16157,Budong-Budong,91563,5,7,REG23,,
TRD2022101701748,21445,3165,Ciparigi,16157,Budong-Budong,91563,5,7,REG23,,
TRD2022102001906,21445,746,Ciparigi,16157,Pulubala,96127,2,3,REG23,,
TRD2022102201293,21445,86151,Ciparigi,16157,Cot Teungoh,24112,2,3,REG23,,
TRD2022102701298,21445,37389,Ciparigi,16157,Batu Layang,78244,1,2,REG23,,
TRD2023021103378,76789,15454,Alang-Alang Lebar,30154,Jaya Sakti,34161,3,6,REG23,,
TRD2023021103887,76789,15454,Alang-Alang Lebar,30154,Jaya Sakti,34161,3,6,REG23,,
TRD2023021304987,76789,25461,Alang-Alang Lebar,30154,Labuhan Ratu Raya,35142,1,2,REG23,,
TRD2023021305164,76789,14449,Alang-Alang Lebar,30154,Penerokan,36611,3,6,REG23,,
TRD2023022103955,76789,14449,Alang-Alang Lebar,30154,Penerokan,36611,3,6,REG23,,
TRD2023030204901,76789,13872,Alang-Alang Lebar,30154,Gindosuli,38511,3,6,REG23,,
TRD2023030405088,76789,13872,Alang-Alang Lebar,30154,Gindosuli,38511,3,6,REG23,,
TRD2023030907550,76789,7879,Alang-Alang Lebar,30154,Talang Bojong,34511,2,3,REG23,,
TRD2023030908009,76789,81786,Alang-Alang Lebar,30154,Tanjunggagak,37481,4,7,REG23,,
TRD2023031513168,76789,81786,Alang-Alang Lebar,30154,Tanjunggagak,37481,4,7,REG23,,
TRD2023031513175,76789,14449,Alang-Alang Lebar,30154,Penerokan,36611,3,6,REG23,,