No,shipment_order_no,logistic_name,origin_postal_code,destination_postal_code,awb_number,min_sla_api,max_sla_api
1,TRD2023030305849,,61253,61225,6833602300003418,,
2,TRD2023030609618,,61253,61262,6833602300004960,,
3,TRD2023030706106,,61253,61258,6833602300005876,,
4,TRD2023031310173,,61253,61225,6833602300009498,,
5,TRD2022071300593,,45556,98315,2534902200038816,,
6,TRD2022071500786,,45556,98315,2534902200050928,,
7,TRD2022071601374,,45556,98357,2534902200063285,,
8,TRD2022071800690,,45556,98315,2534902200066098,,
9,TRD2022072001464,,45556,98315,2534902200099347,,
10,TRD2022072100892,,45556,24386,2534902200103958,,
11,TRD2022072508378,,45556,98315,2534902200123618,,
12,TRD2022072600850,,45556,98354,2534902200137220,,
13,TRD2022072600965,,45556,98315,2534902200138137,,
14,TRD2022072601341,,45556,98315,2534902200139630,,
15,TRD2022072601634,,45556,98315,2534902200141123,,
16,TRD2022072901423,,45556,98314,2534902200159323,,
17,TRD2022080102062,,45556,98314,2534902200176491,,
18,TRD2022080102188,,45556,98354,2534902200177515,,
19,TRD2022080200792,,45556,98314,2534902200185260,,
20,TRD2022080200849,,45556,98315,2534902200185815,,
21,TRD2022080201084,,45556,98359,2534902200188074,,
22,TRD2022080202116,,45556,98362,2534902200190336,,
23,TRD2022080501203,,45556,98362,2534902200214953,,
24,TRD2022080502569,,45556,98314,2534902200219945,,
25,TRD2022080502707,,45556,98354,2534902200220620,,
26,TRD2022080502926,,45556,98314,2534902200223228,,
27,TRD2022080901446,,45556,98354,2534902200258612,,
28,TRD2022080902783,,45556,98352,2534902200259586,,
29,TRD2022080902814,,45556,98314,2534902200259842,,
30,TRD2022081002127,,45556,98314,2534902200273892,,
31,TRD2022081002399,,45556,98314,2534902200274841,,
32,TRD2022081100706,,45556,98314,2534902200277067,,
33,TRD2022081201415,,45556,98314,2534902200285938,,
34,TRD2022081301035,,11450,98363,0136932200068618,,
35,TRD2022081301375,,45556,98314,2534902200296984,,
36,TRD2022081503060,,45556,38372,2534902200307948,,
37,TRD2022081700358,,45556,98315,2534902200312898,,
38,TRD2022081700675,,45556,98359,2534902200316105,,
39,TRD2022081701841,,45556,98314,2534902200321998,,
40,TRD2022081901587,,45556,98362,2534902200331328,,
41,TRD2022082000496,,45556,98314,2534902200340980,,
42,TRD2022082001404,,11450,98314,0136932200103019,,
43,TRD2022082202555,,11450,98355,0136932200110881,,
44,TRD2022082206110,,45556,98314,2534902200363495,,
45,TRD2022082401190,,45556,98362,2534902200380796,,
46,TRD2022082401599,,45556,98362,2534902200384681,,
47,TRD2022082401979,,11450,98314,0136932200132570,,
48,TRD2022082502181,,45556,98314,2534902200392023,,
49,TRD2022082504311,,45556,98353,2534902200411088,,
50,TRD2022082601186,,45556,98362,2534902200418596,,
51,TRD2022082601538,,45556,98314,2534902200421020,,
52,TRD2022082602680,,11450,98314,0136932200163518,,
53,TRD2022082603441,,11450,13720,0136932200165398,,
54,TRD2022082700926,,11450,66229,0136932200171701,,
55,TRD2022082701740,,45556,98314,2534902200432050,,
56,TRD2022082702311,,45556,98314,2534902200437166,,
57,TRD2022082902512,,11450,66261,0136932200189752,,
58,TRD2022082907197,,45556,98355,2534902200467841,,
59,TRD2022082907383,,45556,98314,2534902200470035,,
60,TRD2022083003540,,45556,98314,2534902200480091,,
61,TRD2022083004610,,45556,98314,2534902200484242,,
62,TRD2022083006648,,45556,98362,2534902200488052,,
63,TRD2022083100964,,45556,98314,2534902200491650,,
64,TRD2022090101188,,17147,98314,0733272200059110,,
65,TRD2022090300486,,17148,98314,0733272200085883,,
66,TRD2022090301904,,17148,98314,0733272200094653,,
67,TRD2022090502297,,45556,98314,2534902200518866,,
68,TRD2022090503717,,17148,98314,0733272200114709,,
69,TRD2022090602201,,45556,98314,2534902200528683,,
70,TRD2022090602521,,17148,98314,0733272200137775,,
71,TRD2022090603823,,45556,98314,2534902200533394,,
72,TRD2022090800727,,17148,98352,0733272200160058,,
73,TRD2022090802342,,17148,98354,0733272200165511,,
74,TRD2022090901504,,17148,98352,0733272200174430,,
75,TRD2022091001013,,17148,98356,0733272200186798,,
76,TRD2022091003464,,45556,98314,2534902200554705,,
77,TRD2022091204256,,17148,98314,0733272200224946,,
78,TRD2022091207554,,17148,98356,0733272200238417,,
79,TRD2022091402497,,17148,98314,0733272200265436,,
80,TRD2022091402867,,17148,98314,0733272200269263,,
81,TRD2022091403176,,17148,98314,0733272200271178,,
82,TRD2022091500702,,17148,98315,0733272200276078,,
83,TRD2022091502086,,17148,98314,0733272200278710,,
84,TRD2022091603373,,17148,98356,0733272200307030,,
85,TRD2022091603426,,17148,98314,0733272200307642,,
86,TRD2022091700819,,45556,98314,2534902200618708,,
87,TRD2022091703301,,45556,98356,2534902200622528,,
88,TRD2022091902566,,17148,98314,0733272200328895,,
89,TRD2022092003299,,17148,98314,0733272200360906,,
90,TRD2022092102488,,17148,98314,0733272200373818,,
91,TRD2022092200348,,17148,73111,0733272200376878,,
92,TRD2022092302303,,17148,98315,0733272200400405,,
93,TRD2022092302309,,17148,98314,0733272200400504,,
94,TRD2022092302321,,17148,98314,0733272200400462,,
95,TRD2022092401274,,17148,98314,0733272200407038,,
96,TRD2022092401283,,17148,98315,0733272200409075,,
97,TRD2022092601746,,17148,98315,0733272200425576,,
98,TRD2022092601784,,17148,98314,0733272200425972,,
99,TRD2022092602048,,17148,98314,0733272200429008,,
100,TRD2022092602195,,17148,98314,0733272200429073,,
101,TRD2022092604015,,17148,98314,0733272200439858,,
102,TRD2022092605713,,17148,98314,0733272200453420,,
103,TRD2022092701514,,17148,98314,0733272200471489,,
104,TRD2022092702528,,17148,98314,0733272200476025,,
105,TRD2022092703501,,45556,98315,2534902200700183,,
106,TRD2022092802790,,17148,66229,0733272200497385,,
107,TRD2022092802835,,17148,93885,0733272200497898,,
108,TRD2022092804109,,45556,98355,2534902200709531,,
109,TRD2022092901204,,17148,98315,0733272200508371,,
110,TRD2022092902259,,17148,98355,0733272200513470,,
111,TRD2022093000909,,17148,98314,0733272200531035,,
112,TRD2022100100873,,17148,98314,0733272200545670,,
113,TRD2022100101595,,17148,98315,0733272200551090,,
114,TRD2022100101707,,17148,98355,0733272200552650,,
115,TRD2022100302995,,17148,98314,0733272200571460,,
116,TRD2022100501827,,17148,98315,0733272200596517,,
117,TRD2022100501944,,17148,98355,0733272200597689,,
118,TRD2022100502203,,17148,98314,0733272200600178,,
119,TRD2022100701983,,17148,98314,0733272200630365,,
120,TRD2022100701987,,17148,98315,0733272200630423,,
121,TRD2022100801856,,17148,98355,0733272200649381,,
122,TRD2022101002095,,17148,98314,0733272200657202,,
123,TRD2022101002171,,17148,98356,0733272200657749,,
124,TRD2022101003121,,17148,98315,0733272200664588,,
125,TRD2022101101954,,17148,98315,0733272200681442,,
126,TRD2022101201617,,17148,98362,0733272200690625,,
127,TRD2022101302120,,17148,98314,0733272200704145,,
128,TRD2022101400471,,17148,98314,0733272200706355,,
129,TRD2022101401578,,45556,98355,2534902200813648,,
130,TRD2022101500310,,17148,98315,0733272200712551,,
131,TRD2022101501344,,17148,98314,0733272200716768,,
132,TRD2022101501360,,17148,98314,0733272200716594,,
133,TRD2022101701154,,17148,98314,0733272200723061,,
134,TRD2022101703025,,17148,98355,0733272200725199,,
135,TRD2022101704289,,17148,98314,0733272200734183,,
136,TRD2022101903254,,17148,98356,0733272200768405,,
137,TRD2022101903315,,17148,98314,0733272200769809,,
138,TRD2022102001230,,17148,98315,0733272200775004,,
139,TRD2022102001698,,17148,98314,0733272200778677,,
140,TRD2022102100341,,17148,98315,0733272200781739,,
141,TRD2022102102855,,17148,98314,0733272200788262,,
142,TRD2022102201763,,17148,98362,0733272200791845,,
143,TRD2022102401694,,17148,98314,0733272200803210,,
144,TRD2022102403455,,17148,98315,0733272200808128,,
145,TRD2022102405607,,17148,98356,0733272200816949,,
146,TRD2022102500028,,17148,98362,0733272200818200,,
147,TRD2022102503771,,45556,66291,2534902200860714,,
148,TRD2022102504534,,17148,98314,0733272200829199,,
149,TRD2022102601568,,17148,98314,0733272200832102,,
150,TRD2022102601580,,17148,98314,0733272200832359,,
151,TRD2022102601608,,17148,98356,0733272200832888,,
152,TRD2022102602490,,17148,98314,0733272200836947,,
153,TRD2022102602741,,17148,98314,0733272200840543,,
154,TRD2022102700320,,17148,98314,0733272200842838,,
155,TRD2022102702119,,17148,98314,0733272200849536,,
156,TRD2022102702126,,17148,98314,0733272200849593,,
157,TRD2022102800614,,17148,98315,0733272200853553,,
158,TRD2022103107325,,17148,98356,0733272200887411,,
159,TRD2022103107391,,17148,98314,0733272200888112,,
160,TRD2022103107416,,17148,98315,0733272200888344,,
161,TRD2022103107459,,17148,98314,0733272200888229,,
162,TRD2022103107460,,17148,98315,0733272200888849,,
163,TRD2022110102667,,17148,98314,0733272200895380,,
164,TRD2022110103599,,17148,98356,0733272200896685,,
165,TRD2022110202623,,17148,98314,0733272200905593,,
166,TRD2022110204001,,17148,98314,0733272200910486,,
167,TRD2022110204016,,17148,98314,0733272200910627,,
168,TRD2022110302296,,17148,98315,0733272200911484,,
169,TRD2022110403741,,17148,98314,0733272200921657,,
170,TRD2022110403762,,17148,98352,0733272200921905,,
171,TRD2022110403980,,17148,98314,0733272200923513,,
172,TRD2022110501769,,17148,98314,0733272200926847,,
173,TRD2022110503452,,17148,98356,0733272200929163,,
174,TRD2022110702167,,45556,98314,2534902200924775,,
175,TRD2022110705012,,17148,98362,0733272200940947,,
176,TRD2022110705347,,17148,98314,0733272200943834,,
177,TRD2022110803363,,17148,98356,0733272200955184,,
178,TRD2022110902671,,17148,98354,0733272200960655,,
179,TRD2022110902964,,17148,98362,0733272200963485,,
180,TRD2022110902975,,17148,98314,0733272200963709,,
181,TRD2022110903111,,17148,98355,0733272200965837,,
182,TRD2022111001575,,17148,98314,0733272200968948,,
183,TRD2022111001598,,17148,98314,0733272200969409,,
184,TRD2022111002037,,45556,66229,2534902200938825,,
185,TRD2022111102508,,17148,98362,0733272200979879,,
186,TRD2022111102527,,17148,98314,0733272200980067,,
187,TRD2022111102681,,17148,98315,0733272200980927,,
188,TRD2022111102733,,17148,98314,0733272200981487,,
189,TRD2022111202383,,17148,98362,0733272200987161,,
190,TRD2022111202417,,17148,98314,0733272200987807,,
191,TRD2022111202688,,17148,98314,0733272200988839,,
192,TRD2022111202689,,17148,98362,0733272200988813,,
193,TRD2022111202702,,17148,98314,0733272200988953,,
194,TRD2022111202739,,17148,98352,0733272200989373,,
195,TRD2022111202779,,17148,98314,0733272200989654,,
196,TRD2022111402270,,17148,98315,0733272200991619,,
197,TRD2022111402359,,17148,98314,0733272200991411,,
198,TRD2022111402370,,17148,98314,0733272200991312,,
199,TRD2022111402393,,17148,98314,0733272200991841,,
200,TRD2022111404506,,45556,98355,2534902200945176,,
201,TRD2022111404560,,45556,98314,2534902200945747,,
202,TRD2022111404594,,45556,98315,2534902200946141,,
203,TRD2022111404657,,45556,98315,2534902200946638,,
204,TRD2022111405087,,17148,98314,0733272200997749,,
205,TRD2022111501175,,17148,98362,0733272201002523,,
206,TRD2022111501352,,17148,98314,0733272201004057,,
207,TRD2022111502406,,17148,98314,0733272201007597,,
208,TRD2022111502477,,17148,98314,0733272201007928,,
209,TRD2022111601694,,17148,98314,0733272201012050,,
210,TRD2022111602927,,17148,98314,0733272201016598,,
211,TRD2022111701528,,17148,98315,0733272201020582,,
212,TRD2022111701564,,17148,98315,0733272201020319,,
213,TRD2022111701689,,45556,98355,2534902200949178,,
214,TRD2022111701774,,17148,98314,0733272201021945,,
215,TRD2022111702305,,17148,98314,0733272201023065,,
216,TRD2022111801328,,17148,98314,0733272201027454,,
217,TRD2022111801349,,17148,98315,0733272201027603,,
218,TRD2022111801508,,17148,98315,0733272201029211,,
219,TRD2022111802049,,17148,98363,0733272201031209,,
220,TRD2022111802538,,45556,98356,2534902200950267,,
221,TRD2022111902137,,17148,98362,0733272201036109,,
222,TRD2022111902972,,17148,98314,0733272201037990,,
223,TRD2022112102474,,11450,98314,0136932200408418,,
224,TRD2022112103791,,17148,98314,0733272201043725,,
225,TRD2022112103798,,17148,98314,0733272201043790,,
226,TRD2022112103914,,17148,98363,0733272201045050,,
227,TRD2022112104235,,17148,98356,0733272201046421,,
228,TRD2022112201366,,17148,98353,0733272201052775,,
229,TRD2022112302157,,11450,98315,0136932200412980,,
230,TRD2022112302417,,17148,98314,0733272201062584,,
231,TRD2022112302437,,17148,98314,0733272201062782,,
232,TRD2022112401819,,17148,98314,0733272201067393,,
233,TRD2022112402126,,17148,98315,0733272201067773,,
234,TRD2022112402377,,17148,98314,0733272201067989,,
235,TRD2022112402396,,17148,98315,0733272201068235,,
236,TRD2022112402891,,17148,98356,0733272201069373,,
237,TRD2022112501474,,17148,98362,0733272201072427,,
238,TRD2022112502327,,17148,98315,0733272201076667,,
239,TRD2022112502369,,17148,98314,0733272201076998,,
240,TRD2022112502396,,17148,98315,0733272201077301,,
241,TRD2022112502408,,17148,98314,0733272201077483,,
242,TRD2022112601572,,17148,98315,0733272201080461,,
243,TRD2022112602105,,17148,98314,0733272201081295,,
244,TRD2022112602397,,17148,98314,0733272201083044,,
245,TRD2022112602398,,17148,98315,0733272201083572,,
246,TRD2022112602453,,17148,98315,0733272201083846,,
247,TRD2022112801986,,17148,98314,0733272201085833,,
248,TRD2022112802129,,17148,98314,0733272201087201,,
249,TRD2022112802164,,17148,98315,0733272201087607,,
250,TRD2022112802430,,11450,98314,0136932200423078,,
251,TRD2022112804948,,17148,98314,0733272201094199,,
252,TRD2022112804986,,17148,98353,0733272201094538,,
253,TRD2022112805060,,17148,98315,0733272201095378,,
254,TRD2022112805576,,17148,98314,0733272201101044,,
255,TRD2022112805690,,17148,98314,0733272201100160,,
256,TRD2022112805692,,17148,98314,0733272201100442,,
257,TRD2022112805697,,17148,98355,0733272201101002,,
258,TRD2022112805705,,17148,98314,0733272201100343,,
259,TRD2022112902742,,17148,98315,0733272201104824,,
260,TRD2022112902886,,17148,98362,0733272201105334,,
261,TRD2022112902947,,17148,98356,0733272201105490,,
262,TRD2022112903226,,17148,98314,0733272201106159,,
263,TRD2022113001326,,17148,98314,0733272201108353,,
264,TRD2022113001428,,17148,98314,0733272201109260,,
265,TRD2022113002222,,17148,98315,0733272201111175,,
266,TRD2022113002676,,17148,98356,0733272201112793,,
267,TRD2022120101704,,17148,98315,0733272201115754,,
268,TRD2022120101725,,17148,98314,0733272201116000,,
269,TRD2022120102055,,17148,98314,0733272201117313,,
270,TRD2022120102900,,17148,98314,0733272201119491,,
271,TRD2022120102902,,17148,98314,0733272201119418,,
272,TRD2022120201101,,11450,98314,0136932200434679,,
273,TRD2022120201472,,17148,98314,0733272201124848,,
274,TRD2022120201535,,17148,98314,0733272201124673,,
275,TRD2022120201591,,17148,98314,0733272201125209,,
276,TRD2022120201671,,17148,98315,0733272201125928,,
277,TRD2022120202671,,17148,98419,0733272201129599,,
278,TRD2022120301563,,17148,98315,0733272201131801,,
279,TRD2022120301725,,17148,98314,0733272201132858,,
280,TRD2022120301750,,17148,98314,0733272201133286,,
281,TRD2022120301986,,11450,98314,0136932200436427,,
282,TRD2022120302007,,11450,98314,0136932200436625,,
283,TRD2022120302481,,17148,98362,0733272201137477,,
284,TRD2022120502946,,17148,98314,0733272201140976,,
285,TRD2022120507134,,17148,98314,0733272201142105,,
286,TRD2022120507221,,17148,98355,0733272201142915,,
287,TRD2022120507265,,17148,98352,0733272201143947,,
288,TRD2022120507278,,17148,98362,0733272201144002,,
289,TRD2022120507357,,17148,98315,0733272201144275,,
290,TRD2022120507388,,17148,98314,0733272201144630,,
291,TRD2022120507406,,17148,98352,0733272201144986,,
292,TRD2022120507490,,17148,98314,0733272201145546,,
293,TRD2022120507516,,17148,98314,0733272201146270,,
294,TRD2022120507522,,17148,98314,0733272201146098,,
295,TRD2022120507542,,17148,98315,0733272201146031,,
296,TRD2022120603590,,17148,98314,0733272201149936,,
297,TRD2022120603717,,17148,66229,0733272201150199,,
298,TRD2022120604293,,17148,98315,0733272201151866,,
299,TRD2022120604360,,17148,98314,0733272201152633,,
300,TRD2022120604398,,17148,98315,0733272201153003,,
301,TRD2022120604407,,17148,98314,0733272201153144,,
302,TRD2022120604485,,17148,98314,0733272201155040,,
303,TRD2022120604506,,17148,98314,0733272201155511,,
304,TRD2022120701680,,17148,98362,0733272201158572,,
305,TRD2022120701948,,11450,98362,0136932200442482,,
306,TRD2022120802448,,17148,98314,0733272201168126,,
307,TRD2022120802450,,17148,98315,0733272201168761,,
308,TRD2022120802471,,17148,98315,0733272201168209,,
309,TRD2022120802499,,17148,98356,0733272201168423,,
310,TRD2022120803641,,17148,98314,0733272201171922,,
311,TRD2022120902373,,17148,98314,0733272201173688,,
312,TRD2022120902927,,17148,98315,0733272201175717,,
313,TRD2022120902966,,17148,98314,0733272201175675,,
314,TRD2022120903100,,17148,98314,0733272201175840,,
315,TRD2022121303050,,17148,98314,0733272201193801,,
316,TRD2022121303289,,17148,98314,0733272201194353,,
317,TRD2022121303460,,17148,98314,0733272201195269,,
318,TRD2022121304524,,17148,98314,0733272201196358,,
319,TRD2022121402308,,17148,98356,0733272201199113,,
320,TRD2022121402335,,17148,98314,0733272201199253,,
321,TRD2022121403354,,17148,98314,0733272201201547,,
322,TRD2022121403359,,17148,98314,0733272201201489,,
323,TRD2022121503434,,11450,98362,0136932200457050,,
324,TRD2022121503467,,11450,98314,0136932200457365,,
325,TRD2022121503620,,17148,98361,0733272201204129,,
326,TRD2022121504304,,45556,98356,2534902200968079,,
327,TRD2022121504538,,17148,98314,0733272201205209,,
328,TRD2022121504545,,17148,98314,0733272201205266,,
329,TRD2022121504547,,17148,98356,0733272201205688,,
330,TRD2022121504571,,17148,98355,0733272201205639,,
331,TRD2022121602745,,17148,98314,0733272201206504,,
332,TRD2022121603107,,17148,98315,0733272201207981,,
333,TRD2022121604651,,17148,98314,0733272201210019,,
334,TRD2022121604663,,17148,98314,0733272201210142,,
335,TRD2022121604986,,11450,98315,0136932200464536,,
336,TRD2022121605064,,11450,98314,0136932200465061,,
337,TRD2022121605129,,11450,98315,0136932200465707,,
338,TRD2022121605137,,11450,98315,0136932200465608,,
339,TRD2022121605158,,11450,98314,0136932200465947,,
340,TRD2022121605291,,11450,98362,0136932200467588,,
341,TRD2022121904405,,17148,98355,0733272201217022,,
342,TRD2022121904495,,17148,98314,0733272201217915,,
343,TRD2022121905292,,17148,98355,0733272201219903,,
344,TRD2022121905359,,17148,98315,0733272201220570,,
345,TRD2022121905660,,11450,98315,0136932200471267,,
346,TRD2022121905675,,11450,98314,0136932200471416,,
347,TRD2022121905764,,17148,98362,0733272201223194,,
348,TRD2022121905866,,17148,98314,0733272201223939,,
349,TRD2022122001652,,45556,98314,2534902200977450,,
350,TRD2022122202502,,17148,98314,0733272201225900,,
351,TRD2022122202614,,17148,98356,0733272201226650,,
352,TRD2022122202647,,17148,98314,0733272201226957,,
353,TRD2022122203137,,11450,98356,0136932200477876,,
354,TRD2022122204790,,17148,98355,0733272201228698,,
355,TRD2022122204859,,17148,98314,0733272201230041,,
356,TRD2022122205002,,45556,98315,2534902200979480,,
357,TRD2022122303848,,17148,98314,0733272201233474,,
358,TRD2022122303894,,17148,98314,0733272201232468,,
359,TRD2022122304543,,45556,98314,2534902200980546,,
360,TRD2022122304546,,45556,98315,2534902200980579,,
361,TRD2022122304548,,45556,98314,2534902200980603,,
362,TRD2022122304817,,17148,98314,0733272201234050,,
363,TRD2022122403340,,11450,98362,0136932200481068,,
364,TRD2022122403523,,17148,98314,0733272201236923,,
365,TRD2022122405680,,17148,98314,0733272201241022,,
366,TRD2022122405728,,17148,98352,0733272201241543,,
367,TRD2022122405741,,17148,98362,0733272201241683,,
368,TRD2022122604863,,17148,98356,0733272201242194,,
369,TRD2022122604894,,17148,98314,0733272201242509,,
370,TRD2022122605451,,17148,98314,0733272201244190,,
371,TRD2022122605512,,17148,98315,0733272201245148,,
372,TRD2022122605596,,17148,98355,0733272201245296,,
373,TRD2022122605753,,17148,98356,0733272201246062,,
374,TRD2022122605805,,17148,98314,0733272201246625,,
375,TRD2022122606434,,45556,98314,2534902200983433,,
376,TRD2022122606470,,45556,98356,2534902200983847,,
377,TRD2022122606971,,17148,98356,0733272201249868,,
378,TRD2022122606992,,17148,98315,0733272201250759,,
379,TRD2022122704264,,17148,98362,0733272201252607,,
380,TRD2022122704265,,17148,98314,0733272201252615,,
381,TRD2022122705020,,17148,98355,0733272201255261,,
382,TRD2022122705082,,17148,98355,0733272201255659,,
383,TRD2022122705086,,17148,98314,0733272201255790,,
384,TRD2022122705108,,17148,98314,0733272201256004,,
385,TRD2022122705132,,17148,98362,0733272201256756,,
386,TRD2022122705304,,17148,98355,0733272201253548,,
387,TRD2022122705602,,45556,98315,2534902200985073,,
388,TRD2022122705799,,11450,98315,0136932200486737,,
389,TRD2022122706609,,17148,98315,0733272201258570,,
390,TRD2022122706610,,17148,98314,0733272201258620,,
391,TRD2022122803542,,17148,98314,0733272201259784,,
392,TRD2022122803561,,17148,98314,0733272201259891,,
393,TRD2022122803618,,17148,98355,0733272201260360,,
394,TRD2022122806537,,17148,98315,0733272201262200,,
395,TRD2022122806581,,17148,98314,0733272201262366,,
396,TRD2022122806639,,17148,98315,0733272201262648,,
397,TRD2022122806709,,17148,98352,0733272201263364,,
398,TRD2022122806720,,17148,98315,0733272201263554,,
399,TRD2022122806726,,17148,98314,0733272201263430,,
400,TRD2022122806736,,17148,98314,0733272201263778,,
401,TRD2022122807166,,17148,98314,0733272201264834,,
402,TRD2022122904430,,17148,98314,0733272201266854,,
403,TRD2022122904440,,17148,98314,0733272201266995,,
404,TRD2022122905182,,17148,98314,0733272201267738,,
405,TRD2022122905260,,17148,98352,0733272201268520,,
406,TRD2022122905356,,17148,98314,0733272201269544,,
407,TRD2022122905425,,17148,98314,0733272201270492,,
408,TRD2022122905434,,17148,98314,0733272201270567,,
409,TRD2022122905452,,17148,98363,0733272201270674,,
410,TRD2022122905473,,17148,98314,0733272201271037,,
411,TRD2022122905503,,17148,98314,0733272201271342,,
412,TRD2022122905517,,17148,98356,0733272201271417,,
413,TRD2022122905562,,17148,98352,0733272201272340,,
414,TRD2022122907725,,17148,98356,0733272201275012,,
415,TRD2022122907735,,17148,98363,0733272201275194,,
416,TRD2022123007072,,11450,98314,0136932200493261,,
417,TRD2022123007080,,11450,98314,0136932200493386,,
418,TRD2022123007519,,17148,98362,0733272201278115,,
419,TRD2022123007545,,17148,98362,0733272201278388,,
420,TRD2022123007925,,17148,98314,0733272201278487,,
421,TRD2022123007928,,17148,98355,0733272201278503,,
422,TRD2022123007937,,17148,98355,0733272201278586,,
423,TRD2022123007951,,17148,98315,0733272201278669,,
424,TRD2022123007971,,17148,98314,0733272201278982,,
425,TRD2022123007973,,17148,98352,0733272201278941,,
426,TRD2022123007977,,17148,98315,0733272201279048,,
427,TRD2022123007982,,17148,98314,0733272201279071,,
428,TRD2022123008028,,17148,98356,0733272201279550,,
429,TRD2022123008038,,17148,98314,0733272201279642,,
430,TRD2022123008192,,17148,98314,0733272201280657,,
431,TRD2022123008202,,17148,98314,0733272201280707,,
432,TRD2022123009089,,17148,98315,0733272201281242,,
433,TRD2022123009091,,17148,98314,0733272201281259,,
434,TRD2022123009103,,17148,98314,0733272201281382,,
435,TRD2022123009124,,17148,98314,0733272201281614,,
436,TRD2022123105460,,45556,98314,2534902200991097,,
437,TRD2022123105697,,17148,98314,0733272201284139,,
438,TRD2022123105704,,17148,98315,0733272201284204,,
439,TRD2022123105725,,17148,98314,0733272201284394,,
440,TRD2022123105961,,17148,98314,0733272201284642,,
441,TRD2022123105982,,17148,98314,0733272201284840,,
442,TRD2022123105986,,17148,98362,0733272201284907,,
443,TRD2022123106011,,17148,98314,0733272201285185,,
444,TRD2022123106043,,17148,98315,0733272201285383,,
445,TRD2022123106052,,17148,98315,0733272201285490,,
446,TRD2022123106073,,17148,98314,0733272201285730,,
447,TRD2022123106144,,17148,98314,0733272201286498,,
448,TRD2023010208153,,17148,98314,0733272300000105,,
449,TRD2023010208447,,17148,98314,0733272300001046,,
450,TRD2023010208450,,17148,98362,0733272300001293,,
451,TRD2023010208467,,17148,98315,0733272300001228,,
452,TRD2023010208473,,17148,98315,0733272300001384,,
453,TRD2023010208476,,17148,98314,0733272300001350,,
454,TRD2023010208478,,17148,98353,0733272300001376,,
455,TRD2023010208497,,17148,98314,0733272300001442,,
456,TRD2023010208514,,17148,98315,0733272300001673,,
457,TRD2023010208541,,17148,98315,0733272300002036,,
458,TRD2023010208570,,17148,98355,0733272300002333,,
459,TRD2023010208571,,17148,98314,0733272300002309,,
460,TRD2023010208585,,17148,98314,0733272300002531,,
461,TRD2023010208596,,17148,98353,0733272300002481,,
462,TRD2023010209339,,11450,98315,0136932300002772,,
463,TRD2023010210656,,17148,98314,0733272300003059,,
464,TRD2023010210663,,17148,98315,0733272300003224,,
465,TRD2023010210894,,17148,76114,0733272300005427,,
466,TRD2023010212022,,17148,98315,0733272300006813,,
467,TRD2023010212029,,17148,98314,0733272300007019,,
468,TRD2023010212090,,17148,98314,0733272300007662,,
469,TRD2023010212100,,17148,98356,0733272300007787,,
470,TRD2023010304624,,45556,98315,2534902300003892,,
471,TRD2023010307260,,17148,98356,0733272300010500,,
472,TRD2023010307287,,17148,98315,0733272300010823,,
473,TRD2023010307301,,17148,98314,0733272300011037,,
474,TRD2023010307318,,17148,98314,0733272300011128,,
475,TRD2023010307319,,17148,98355,0733272300011169,,
476,TRD2023010307364,,17148,98314,0733272300011573,,
477,TRD2023010307378,,17148,98314,0733272300011649,,
478,TRD2023010307423,,17148,98314,0733272300011888,,
479,TRD2023010307696,,17148,98356,0733272300013678,,
480,TRD2023010308278,,17148,98362,0733272300014403,,
481,TRD2023010405556,,45556,98314,2534902300004791,,
482,TRD2023010409027,,17148,98314,0733272300016648,,
483,TRD2023010409133,,17148,98355,0733272300017729,,
484,TRD2023010409153,,17148,98314,0733272300017844,,
485,TRD2023010410621,,17148,98315,0733272300018255,,
486,TRD2023010410637,,17148,98314,0733272300018321,,
487,TRD2023010410659,,17148,98315,0733272300018438,,
488,TRD2023010411661,,17148,98314,0733272300019840,,
489,TRD2023010411680,,17148,98356,0733272300020053,,
490,TRD2023010506220,,17148,98314,0733272300023800,,
491,TRD2023010506303,,17148,98314,0733272300025276,,
492,TRD2023010506473,,17148,98314,0733272300025870,,
493,TRD2023010506484,,17148,98314,0733272300026068,,
494,TRD2023010506487,,17148,98314,0733272300025987,,
495,TRD2023010508066,,17148,98355,0733272300026498,,
496,TRD2023010508068,,17148,98314,0733272300026647,,
497,TRD2023010508076,,17148,98315,0733272300026449,,
498,TRD2023010508126,,17148,98314,0733272300027041,,
499,TRD2023010508147,,17148,98314,0733272300027223,,
500,TRD2023010508160,,17148,98315,0733272300027348,,
501,TRD2023010508165,,17148,98315,0733272300027447,,
502,TRD2023010508169,,17148,98315,0733272300027363,,
503,TRD2023010508172,,17148,98315,0733272300027496,,
504,TRD2023010511047,,45556,98355,2534902300008974,,
505,TRD2023010512007,,17148,98314,0733272300029401,,
506,TRD2023010603983,,17148,98314,0733272300031449,,
507,TRD2023010604536,,45556,98362,2534902300010251,,
508,TRD2023010604562,,17148,98315,0733272300031845,,
509,TRD2023010605279,,17148,98314,0733272300031969,,
510,TRD2023010605310,,17148,98315,0733272300032264,,
511,TRD2023010605314,,17148,98315,0733272300032314,,
512,TRD2023010605319,,17148,98314,0733272300032371,,
513,TRD2023010605374,,17148,98315,0733272300032926,,
514,TRD2023010606811,,45556,98314,2534902300011143,,
515,TRD2023010607612,,17148,98314,0733272300033775,,
516,TRD2023010607633,,17148,98363,0733272300034476,,
517,TRD2023010607634,,17148,98314,0733272300034054,,
518,TRD2023010705632,,17148,98314,0733272300035713,,
519,TRD2023010706163,,17148,98356,0733272300036612,,
520,TRD2023010706169,,17148,98315,0733272300037263,,
521,TRD2023010706174,,17148,98362,0733272300037099,,
522,TRD2023010706212,,17148,98314,0733272300037107,,
523,TRD2023010707087,,45556,98314,2534902300012950,,
524,TRD2023010707091,,45556,98314,2534902300012752,,
525,TRD2023010707097,,45556,98314,2534902300012844,,
526,TRD2023010707513,,17148,98315,0733272300038907,,
527,TRD2023010909586,,17148,98314,0733272300042743,,
528,TRD2023010909793,,45556,98314,2534902300014170,,
529,TRD2023010909820,,45556,98314,2534902300014147,,
530,TRD2023010910032,,17148,98315,0733272300045647,,
531,TRD2023010910036,,17148,98315,0733272300046215,,
532,TRD2023010910042,,17148,98356,0733272300045548,,
533,TRD2023010910044,,17148,98314,0733272300046165,,
534,TRD2023010910061,,17148,98315,0733272300046116,,
535,TRD2023010910091,,45556,98314,2534902300014626,,
536,TRD2023010910282,,45556,98314,2534902300015177,,
537,TRD2023010910291,,45556,98314,2534902300014931,,
538,TRD2023010910344,,45556,98314,2534902300015698,,
539,TRD2023010910350,,45556,98314,2534902300015797,,
540,TRD2023010910386,,45556,98315,2534902300015318,,
541,TRD2023010910396,,45556,98314,2534902300015508,,
542,TRD2023010911804,,45556,98353,2534902300016431,,
543,TRD2023010912700,,17148,98355,0733272300049672,,
544,TRD2023011003516,,17148,98314,0733272300051462,,
545,TRD2023011003517,,17148,98314,0733272300051520,,
546,TRD2023011003916,,17148,98356,0733272300051967,,
547,TRD2023011003979,,17148,98355,0733272300052254,,
548,TRD2023011003992,,17148,98314,0733272300052445,,
549,TRD2023011003996,,17148,98314,0733272300052411,,
550,TRD2023011005366,,17148,98314,0733272300053005,,
551,TRD2023011105477,,17148,98314,0733272300055745,,
552,TRD2023011105503,,17148,98356,0733272300055620,,
553,TRD2023011105570,,17148,98363,0733272300055992,,
554,TRD2023011105612,,17148,98314,0733272300056321,,
555,TRD2023011105619,,17148,98362,0733272300056206,,
556,TRD2023011107422,,11450,98362,0136932300022515,,
557,TRD2023011204329,,17148,98314,0733272300059036,,
558,TRD2023011204349,,17148,98356,0733272300059044,,
559,TRD2023011204545,,17148,98314,0733272300062204,,
560,TRD2023011204547,,17148,98314,0733272300062451,,
561,TRD2023011204551,,17148,98355,0733272300061818,,
562,TRD2023011204552,,17148,98314,0733272300061644,,
563,TRD2023011204710,,17148,98314,0733272300059911,,
564,TRD2023011204765,,17148,98355,0733272300060414,,
565,TRD2023011204793,,17148,98314,0733272300061099,,
566,TRD2023011204845,,17148,98315,0733272300063947,,
567,TRD2023011204867,,17148,98356,0733272300064085,,
568,TRD2023011206529,,45556,98314,2534902300021894,,
569,TRD2023011206940,,45556,98355,2534902300022124,,
570,TRD2023011206941,,45556,98356,2534902300022389,,
571,TRD2023011303891,,17148,98314,0733272300068367,,
572,TRD2023011304047,,17148,98315,0733272300069753,,
573,TRD2023011304131,,17148,98314,0733272300069217,,
574,TRD2023011304492,,17148,98356,0733272300070918,,
575,TRD2023011304506,,17148,98314,0733272300070629,,
576,TRD2023011305178,,45556,98314,2534902300023957,,
577,TRD2023011305188,,45556,98362,2534902300024054,,
578,TRD2023011305976,,45556,98314,2534902300024377,,
579,TRD2023011404275,,45556,98314,2534902300025085,,
580,TRD2023011404278,,45556,98314,2534902300025218,,
581,TRD2023011404324,,45556,98355,2534902300025630,,
582,TRD2023011404401,,17148,98314,0733272300074639,,
583,TRD2023011404696,,17148,98314,0733272300075842,,
584,TRD2023011404718,,17148,98314,0733272300075941,,
585,TRD2023011404889,,45556,98315,2534902300026430,,
586,TRD2023011404924,,45556,98314,2534902300026257,,
587,TRD2023011405271,,45556,98314,2534902300026844,,
588,TRD2023011405291,,45556,98314,2534902300027040,,
589,TRD2023011405311,,45556,98355,2534902300027149,,
590,TRD2023011606202,,45556,98352,2534902300027651,,
591,TRD2023011606342,,45556,98314,2534902300027818,,
592,TRD2023011606346,,45556,98314,2534902300027834,,
593,TRD2023011606352,,45556,98314,2534902300027859,,
594,TRD2023011606354,,45556,98314,2534902300027875,,
595,TRD2023011606412,,45556,98355,2534902300028683,,
596,TRD2023011606415,,45556,98314,2534902300029087,,
597,TRD2023011607099,,17148,98352,0733272300082368,,
598,TRD2023011611208,,45556,98353,2534902300029491,,
599,TRD2023011611231,,45556,98314,2534902300030085,,
600,TRD2023011611240,,45556,98355,2534902300029632,,
601,TRD2023011612511,,17148,98356,0733272300086401,,
602,TRD2023011612548,,17148,98314,0733272300086823,,
603,TRD2023011612549,,17148,98355,0733272300086997,,
604,TRD2023011612583,,17148,98315,0733272300087177,,
605,TRD2023011612597,,17148,98314,0733272300087300,,
606,TRD2023011703684,,45556,98361,2534902300031570,,
607,TRD2023011703936,,17148,98314,0733272300088878,,
608,TRD2023011703943,,17148,98314,0733272300088944,,
609,TRD2023011704099,,45556,98314,2534902300031984,,
610,TRD2023011704104,,45556,98314,2534902300031968,,
611,TRD2023011704113,,45556,98355,2534902300032156,,
612,TRD2023011704407,,45556,98355,2534902300032461,,
613,TRD2023011704773,,17148,98314,0733272300090650,,
614,TRD2023011705835,,17148,98355,0733272300091658,,
615,TRD2023011705848,,17148,98356,0733272300092292,,
616,TRD2023011705879,,17148,98314,0733272300092243,,
617,TRD2023011803267,,17148,98315,0733272300092953,,
618,TRD2023011803590,,45556,98353,2534902300032784,,
619,TRD2023011803722,,45556,98314,2534902300032990,,
620,TRD2023011804466,,45556,98362,2534902300033378,,
621,TRD2023011804475,,45556,98314,2534902300033261,,
622,TRD2023011804500,,45556,98356,2534902300033618,,
623,TRD2023011804513,,45556,98314,2534902300033535,,
624,TRD2023011805604,,45556,98314,2534902300033824,,
625,TRD2023011904408,,45556,98315,2534902300035050,,
626,TRD2023011904410,,45556,98314,2534902300034970,,
627,TRD2023011904417,,45556,98315,2534902300034962,,
628,TRD2023011904424,,45556,98315,2534902300034855,,
629,TRD2023011904482,,45556,98314,2534902300035423,,
630,TRD2023011904644,,45556,98352,2534902300035720,,
631,TRD2023011904653,,45556,98355,2534902300035829,,
632,TRD2023011904679,,45556,98314,2534902300035985,,
633,TRD2023011904682,,45556,98352,2534902300036140,,
634,TRD2023011904683,,45556,98355,2534902300035902,,
635,TRD2023011904699,,45556,98359,2534902300036173,,
636,TRD2023012003324,,45556,98315,2534902300036744,,
637,TRD2023012003329,,45556,98352,2534902300036793,,
638,TRD2023012003689,,45556,98314,2534902300037023,,
639,TRD2023012003757,,45556,98314,2534902300037122,,
640,TRD2023012003761,,45556,98314,2534902300037338,,
641,TRD2023012003797,,45556,98314,2534902300037536,,
642,TRD2023012004023,,45556,98315,2534902300037874,,
643,TRD2023012004033,,45556,98362,2534902300037973,,
644,TRD2023012004038,,45556,98362,2534902300037940,,
645,TRD2023012004593,,45556,98355,2534902300038054,,
646,TRD2023012103727,,17148,98355,0733272300105318,,
647,TRD2023012104208,,45556,98315,2534902300038971,,
648,TRD2023012104531,,45556,98314,2534902300039243,,
649,TRD2023012104536,,45556,98314,2534902300039227,,
650,TRD2023012104581,,45556,98315,2534902300039581,,
651,TRD2023012104716,,45556,98315,2534902300039847,,
652,TRD2023012105626,,17148,98314,0733272300107066,,
653,TRD2023012105630,,17148,98363,0733272300107090,,
654,TRD2023012105887,,17148,98355,0733272300108445,,
655,TRD2023012303527,,17148,98362,0733272300108973,,
656,TRD2023012305408,,17148,98315,0733272300109971,,
657,TRD2023012305468,,11450,98362,0136932300047702,,
658,TRD2023012306060,,45556,98315,2534902300041728,,
659,TRD2023012306071,,45556,98314,2534902300042130,,
660,TRD2023012306110,,45556,98363,2534902300041983,,
661,TRD2023012306429,,45556,98314,2534902300042999,,
662,TRD2023012306466,,45556,98356,2534902300043229,,
663,TRD2023012306479,,45556,98314,2534902300043237,,
664,TRD2023012307179,,45556,98314,2534902300043716,,
665,TRD2023012307233,,45556,98352,2534902300044102,,
666,TRD2023012307654,,17148,98315,0733272300112504,,
667,TRD2023012307798,,17148,98315,0733272300113064,,
668,TRD2023012404814,,45556,98314,2534902300044896,,
669,TRD2023012504022,,45556,98314,2534902300046172,,
670,TRD2023012504023,,45556,98314,2534902300046263,,
671,TRD2023012505987,,45556,98314,2534902300047733,,
672,TRD2023012506254,,45556,98315,2534902300050083,,
673,TRD2023012603788,,45556,98314,2534902300053145,,
674,TRD2023012604568,,45556,98362,2534902300054507,,
675,TRD2023012604582,,45556,98314,2534902300054655,,
676,TRD2023012604591,,45556,98314,2534902300054861,,
677,TRD2023012604666,,45556,98314,2534902300055256,,
678,TRD2023012604689,,45556,98314,2534902300055447,,
679,TRD2023012703708,,45556,98352,2534902300055785,,
680,TRD2023012703710,,45556,98315,2534902300055777,,
681,TRD2023012704072,,45556,98314,2534902300056742,,
682,TRD2023012704107,,45556,98314,2534902300056932,,
683,TRD2023012705144,,11450,98314,0136932300066090,,
684,TRD2023012705146,,11450,98315,0136932300066660,,
685,TRD2023012705155,,11450,98314,0136932300066439,,
686,TRD2023012802993,,45556,98314,2534902300058359,,
687,TRD2023012803701,,45556,98362,2534902300058789,,
688,TRD2023012803743,,45556,98314,2534902300058987,,
689,TRD2023012804877,,17148,98362,0733272300126785,,
690,TRD2023012804976,,17148,98314,0733272300127452,,
691,TRD2023013005954,,45556,98315,2534902300059852,,
692,TRD2023013007235,,45556,98314,2534902300060579,,
693,TRD2023013007238,,45556,98356,2534902300061049,,
694,TRD2023013007257,,45556,98314,2534902300060892,,
695,TRD2023013008046,,45556,98314,2534902300062146,,
696,TRD2023013008050,,45556,98354,2534902300062120,,
697,TRD2023013008072,,45556,98315,2534902300061932,,
698,TRD2023013008108,,45556,98363,2534902300062401,,
699,TRD2023013008110,,45556,98362,2534902300062484,,
700,TRD2023013008122,,45556,98314,2534902300062419,,
701,TRD2023013008127,,45556,98315,2534902300062328,,
702,TRD2023013009459,,17148,98363,0733272300138285,,
703,TRD2023013009462,,17148,98314,0733272300137899,,
704,TRD2023013009487,,17148,98352,0733272300137733,,
705,TRD2023013104714,,45556,98314,2534902300062625,,
706,TRD2023013105325,,45556,98315,2534902300063185,,
707,TRD2023013105650,,45556,98314,2534902300063540,,
708,TRD2023013105661,,45556,98314,2534902300063672,,
709,TRD2023013105666,,45556,98314,2534902300063565,,
710,TRD2023013105852,,45556,98315,2534902300063912,,
711,TRD2023013105853,,45556,98314,2534902300063896,,
712,TRD2023013106049,,45556,98314,2534902300064118,,
713,TRD2023013106757,,17148,98314,0733272300144416,,
714,TRD2023020103912,,17148,98314,0733272300147179,,
715,TRD2023020104067,,45556,98314,2534902300064480,,
716,TRD2023020104071,,45556,98352,2534902300064589,,
717,TRD2023020104072,,45556,98314,2534902300064605,,
718,TRD2023020104083,,45556,98314,2534902300064464,,
719,TRD2023020104383,,45556,98356,2534902300065016,,
720,TRD2023020104696,,45556,98315,2534902300065131,,
721,TRD2023020104702,,45556,98314,2534902300065321,,
722,TRD2023020104714,,45556,98314,2534902300065180,,
723,TRD2023020104715,,45556,98314,2534902300065396,,
724,TRD2023020104750,,45556,98314,2534902300065701,,
725,TRD2023020104765,,45556,98314,2534902300065529,,
726,TRD2023020105044,,45556,98314,2534902300065909,,
727,TRD2023020106226,,17148,98315,0733272300149142,,
728,TRD2023020106266,,17148,98315,0733272300149522,,
729,TRD2023020106346,,17148,98314,0733272300150330,,
730,TRD2023020204135,,45556,98362,2534902300067731,,
731,TRD2023020204158,,45556,98314,2534902300067475,,
732,TRD2023020205974,,17148,98315,0733272300155933,,
733,TRD2023020206009,,17148,98314,0733272300155057,,
734,TRD2023020206034,,17148,98314,0733272300155453,,
735,TRD2023020206059,,17148,98314,0733272300155560,,
736,TRD2023020304103,,45556,98315,2534902300068531,,
737,TRD2023020304160,,45556,98352,2534902300069182,,
738,TRD2023020304181,,45556,98314,2534902300068952,,
739,TRD2023020305866,,45556,98314,2534902300070529,,
740,TRD2023020305877,,45556,98314,2534902300070461,,
741,TRD2023020306200,,45556,98314,2534902300070909,,
742,TRD2023020307631,,17148,98314,0733272300160008,,
743,TRD2023020307682,,17148,98314,0733272300161014,,
744,TRD2023020307694,,17148,98314,0733272300160560,,
745,TRD2023020403104,,45556,98359,2534902300073184,,
746,TRD2023020403123,,45556,98355,2534902300073234,,
747,TRD2023020403166,,45556,98314,2534902300073416,,
748,TRD2023020405458,,17148,98314,0733272300163937,,
749,TRD2023020405605,,17148,98314,0733272300164158,,
750,TRD2023020405609,,17148,98314,0733272300164323,,
751,TRD2023020605529,,17148,98315,0733272300166559,,
752,TRD2023020605550,,17148,98356,0733272300166617,,
753,TRD2023020605814,,45556,98314,2534902300074745,,
754,TRD2023020607489,,45556,98355,2534902300076179,,
755,TRD2023020607520,,45556,98314,2534902300076377,,
756,TRD2023020607567,,45556,98314,2534902300076864,,
757,TRD2023020607588,,45556,98314,2534902300077300,,
758,TRD2023020607591,,45556,98314,2534902300076922,,
759,TRD2023020607617,,45556,98315,2534902300077961,,
760,TRD2023020607627,,45556,98314,2534902300077441,,
761,TRD2023020607714,,45556,98315,2534902300077623,,
762,TRD2023020608774,,45556,98314,2534902300080098,,
763,TRD2023020608864,,45556,98315,2534902300080023,,
764,TRD2023020609580,,17148,98315,0733272300171609,,
765,TRD2023020609582,,17148,98362,0733272300171864,,
766,TRD2023020703734,,17148,98314,0733272300173241,,
767,TRD2023020704394,,45556,98315,2534902300081088,,
768,TRD2023020704416,,45556,98356,2534902300081237,,
769,TRD2023020704419,,45556,98314,2534902300081203,,
770,TRD2023020704421,,45556,98315,2534902300081468,,
771,TRD2023020704432,,45556,98356,2534902300081625,,
772,TRD2023020704594,,45556,98314,2534902300081914,,
773,TRD2023020706050,,17148,98314,0733272300176681,,
774,TRD2023020706070,,17148,98314,0733272300176251,,
775,TRD2023020807882,,17148,98314,0733272300177408,,
776,TRD2023020809281,,45556,98363,2534902300083852,,
777,TRD2023020809286,,45556,98356,2534902300083761,,
778,TRD2023020809291,,45556,98314,2534902300083878,,
779,TRD2023020809300,,45556,98314,2534902300083753,,
780,TRD2023020809303,,45556,98355,2534902300083936,,
781,TRD2023020809310,,45556,98314,2534902300084256,,
782,TRD2023020809319,,45556,98314,2534902300084074,,
783,TRD2023020809336,,45556,98314,2534902300084181,,
784,TRD2023020810110,,45556,98363,2534902300085402,,
785,TRD2023020903937,,45556,98314,2534902300085618,,
786,TRD2023020903938,,45556,98315,2534902300085741,,
787,TRD2023020904051,,45556,98314,2534902300085931,,
788,TRD2023020904104,,45556,98314,2534902300086335,,
789,TRD2023020904575,,45556,98315,2534902300086723,,
790,TRD2023020905080,,17148,98355,0733272300184081,,
791,TRD2023020905530,,45556,98314,2534902300087382,,
792,TRD2023021003455,,45556,98314,2534902300087952,,
793,TRD2023021003484,,45556,98352,2534902300088315,,
794,TRD2023021003491,,45556,98355,2534902300088257,,
795,TRD2023021003499,,45556,98314,2534902300088109,,
796,TRD2023021003502,,45556,98352,2534902300088224,,
797,TRD2023021003832,,11450,98365,0136932300112480,,
798,TRD2023021005123,,45556,98362,2534902300089511,,
799,TRD2023021103524,,45556,98314,2534902300089776,,
800,TRD2023021103537,,45556,98314,2534902300089917,,
801,TRD2023021103670,,45556,98314,2534902300090071,,
802,TRD2023021103677,,45556,98314,2534902300090097,,
803,TRD2023021104192,,45556,98314,2534902300090659,,
804,TRD2023021104196,,45556,98356,2534902300090741,,
805,TRD2023021104732,,45556,98356,2534902300091475,,
806,TRD2023021104743,,45556,98314,2534902300091517,,
807,TRD2023021306102,,45556,98314,2534902300092275,,
808,TRD2023021306136,,45556,98311,2534902300092762,,
809,TRD2023021306350,,45556,98314,2534902300093711,,
810,TRD2023021308069,,45556,98314,2534902300094750,,
811,TRD2023021308082,,45556,98355,2534902300094800,,
812,TRD2023021309530,,17148,98363,0733272300197737,,
813,TRD2023021309645,,17148,98314,0733272300198453,,
814,TRD2023021309660,,17148,98314,0733272300198727,,
815,TRD2023021405172,,45556,98353,2534902300095351,,
816,TRD2023021405698,,45556,98314,2534902300095849,,
817,TRD2023021504218,,45556,98311,2534902300097845,,
818,TRD2023021504498,,45556,98314,2534902300098058,,
819,TRD2023021504503,,45556,98314,2534902300098017,,
820,TRD2023021505323,,17148,98314,0733272300205811,,
821,TRD2023021505816,,45556,98355,2534902300099213,,
822,TRD2023021603817,,45556,98352,2534902300099650,,
823,TRD2023021604255,,45556,98356,2534902300100730,,
824,TRD2023021604263,,45556,98362,2534902300100649,,
825,TRD2023021604267,,45556,98355,2534902300100698,,
826,TRD2023021606342,,17148,98314,0733272300211231,,
827,TRD2023021606365,,17148,98356,0733272300211561,,
828,TRD2023021703400,,17148,98314,0733272300212700,,
829,TRD2023021703424,,45556,98352,2534902300101514,,
830,TRD2023021703431,,45556,98355,2534902300101472,,
831,TRD2023021703796,,45556,98311,2534902300102033,,
832,TRD2023021704999,,45556,98314,2534902300102066,,
833,TRD2023021705438,,45556,98355,2534902300102843,,
834,TRD2023021705461,,45556,98362,2534902300103049,,
835,TRD2023021706147,,17148,98314,0733272300215224,,
836,TRD2023021801871,,45556,98362,2534902300103122,,
837,TRD2023021802594,,45556,98314,2534902300103361,,
838,TRD2023021802837,,45556,98314,2534902300103932,,
839,TRD2023021802838,,45556,98355,2534902300103817,,
840,TRD2023021803196,,45556,98356,2534902300104757,,
841,TRD2023021803201,,45556,98353,2534902300104898,,
842,TRD2023022009010,,45556,98314,2534902300105077,,
843,TRD2023022009311,,17148,98314,0733272300220133,,
844,TRD2023022010321,,45556,98314,2534902300106166,,
845,TRD2023022010365,,45556,98355,2534902300106141,,
846,TRD2023022010396,,45556,98314,2534902300106729,,
847,TRD2023022010874,,45556,98314,2534902300107511,,
848,TRD2023022010893,,45556,98314,2534902300108055,,
849,TRD2023022010929,,45556,98363,2534902300108097,,
850,TRD2023022011473,,17148,98314,0733272300225157,,
851,TRD2023022011537,,17148,98355,0733272300225868,,
852,TRD2023022104648,,45556,98314,2534902300108923,,
853,TRD2023022105109,,17148,98362,0733272300228250,,
854,TRD2023022105751,,45556,98314,2534902300109236,,
855,TRD2023022105756,,45556,98314,2534902300109251,,
856,TRD2023022106679,,45556,98311,2534902300110127,,
857,TRD2023022106813,,45556,98363,2534902300110275,,
858,TRD2023022204769,,45556,98314,2534902300111174,,
859,TRD2023022204806,,45556,98355,2534902300111240,,
860,TRD2023022206401,,45556,98356,2534902300112396,,
861,TRD2023022206576,,17148,98314,0733272300236147,,
862,TRD2023022206579,,17148,98314,0733272300236162,,
863,TRD2023022305044,,17148,98363,0733272300237152,,
864,TRD2023022305620,,17148,98355,0733272300238580,,
865,TRD2023022305631,,17148,98352,0733272300238697,,
866,TRD2023022306159,,17148,98373,0733272300239307,,
867,TRD2023022306632,,11450,98314,0136932300154912,,
868,TRD2023022307489,,17148,98356,0733272300241642,,
869,TRD2023022307506,,17148,98314,0733272300241477,,
870,TRD2023022307534,,17148,98362,0733272300241964,,
871,TRD2023022405525,,11450,98311,0136932300159283,,
872,TRD2023022405542,,11450,98314,0136932300159606,,
873,TRD2023022405618,,17148,98362,0733272300242731,,
874,TRD2023022405639,,17148,98314,0733272300242764,,
875,TRD2023022405687,,17148,98314,0733272300243168,,
876,TRD2023022405821,,17148,98314,0733272300243747,,
877,TRD2023022405870,,17148,98362,0733272300244695,,
878,TRD2023022407036,,17148,98311,0733272300245221,,
879,TRD2023022407162,,17148,98355,0733272300245833,,
880,TRD2023022505042,,17148,98314,0733272300247805,,
881,TRD2023022506115,,17148,98311,0733272300249728,,
882,TRD2023022506119,,17148,98355,0733272300249959,,
883,TRD2023022506126,,17148,98314,0733272300249769,,
884,TRD2023022506813,,17148,98311,0733272300250544,,
885,TRD2023022707328,,61253,60172,6833602300001602,,
886,TRD2023022707478,,17148,98356,0733272300251344,,
887,TRD2023022707480,,17148,98353,0733272300251740,,
888,TRD2023022708251,,17148,98356,0733272300253266,,
889,TRD2023022710807,,17148,98314,0733272300260063,,
890,TRD2023022710810,,17148,98314,0733272300259776,,
891,TRD2023022710820,,17148,98352,0733272300259859,,
892,TRD2023022711449,,11450,98314,0136932300171288,,
893,TRD2023022711565,,17148,66291,0733272300261574,,
894,TRD2023022711777,,17148,98311,0733272300263570,,
895,TRD2023022711781,,17148,98362,0733272300263620,,
896,TRD2023022711782,,17148,98314,0733272300263984,,
897,TRD2023022714148,,17148,98362,0733272300266847,,
898,TRD2023022805850,,17148,98314,0733272300269908,,
899,TRD2023022805906,,17148,98362,0733272300269882,,
900,TRD2023022805989,,17148,98311,0733272300271854,,
901,TRD2023022806359,,17148,98314,0733272300272662,,
902,TRD2023022806787,,17148,98311,0733272300273512,,
903,TRD2023022806792,,17148,98362,0733272300274072,,
904,TRD2023022806793,,17148,98314,0733272300273983,,
905,TRD2023030104520,,61253,60227,6833602300002378,,
906,TRD2023030105416,,17148,98311,0733272300275699,,
907,TRD2023030105431,,17148,98362,0733272300275814,,
908,TRD2023030105444,,17148,98314,0733272300276481,,
909,TRD2023030105489,,17148,98314,0733272300276184,,
910,TRD2023030105783,,17148,98314,0733272300276671,,
911,TRD2023030106416,,11450,98314,0136932300178705,,
912,TRD2023030106417,,11450,98311,0136932300179208,,
913,TRD2023030106544,,17148,98355,0733272300280004,,
914,TRD2023030106781,,17148,98314,0733272300280533,,
915,TRD2023030107770,,17148,98355,0733272300282216,,
916,TRD2023030107781,,17148,98355,0733272300281960,,
917,TRD2023030205065,,61253,60293,6833602300003095,,
918,TRD2023030207788,,17148,98362,0733272300285979,,
919,TRD2023030208267,,17148,98365,0733272300287355,,
920,TRD2023030208269,,17148,98314,0733272300287496,,
921,TRD2023030208293,,17148,98314,0733272300287702,,
922,TRD2023030208371,,17148,98355,0733272300288049,,
923,TRD2023030208542,,11450,98314,0136932300183218,,
924,TRD2023030208691,,17148,98355,0733272300288544,,
925,TRD2023030209382,,17148,98362,0733272300289112,,
926,TRD2023030209515,,17148,98314,0733272300290227,,
927,TRD2023030209524,,17148,98314,0733272300290169,,
928,TRD2023030306816,,11450,98314,0136932300186310,,
929,TRD2023030307187,,17148,98356,0733272300291951,,
930,TRD2023030307266,,17148,98355,0733272300292090,,
931,TRD2023030307363,,17148,98314,0733272300292926,,
932,TRD2023030307371,,17148,98314,0733272300292967,,
933,TRD2023030307770,,17148,98314,0733272300295093,,
934,TRD2023030308772,,17148,98311,0733272300295945,,
935,TRD2023030308810,,17148,98314,0733272300296240,,
936,TRD2023030308862,,17148,98355,0733272300296703,,
937,TRD2023030308866,,17148,98311,0733272300295838,,
938,TRD2023030405363,,17148,98355,0733272300297263,,
939,TRD2023030406072,,17148,98314,0733272300299459,,
940,TRD2023030607654,,17148,98355,0733272300301248,,
941,TRD2023030607686,,17148,98314,0733272300301818,,
942,TRD2023030607717,,17148,98314,0733272300301685,,
943,TRD2023030608011,,17148,98362,0733272300302147,,
944,TRD2023030608025,,17148,98311,0733272300302287,,
945,TRD2023030609017,,17148,98353,0733272300302642,,
946,TRD2023030609621,,61253,60195,6833602300005421,,
947,TRD2023030609824,,17148,98314,0733272300304317,,
948,TRD2023030609867,,17148,98314,0733272300303749,,
949,TRD2023030609894,,17148,98314,0733272300303871,,
950,TRD2023030609981,,17148,98353,0733272300304671,,
951,TRD2023030610932,,45556,98362,2534902300119359,,
952,TRD2023030706360,,17148,98314,0733272300309308,,
953,TRD2023030706754,,17148,98362,0733272300310140,,
954,TRD2023030708022,,17148,98314,0733272300312310,,
955,TRD2023030805373,,61253,60138,6833602300006213,,
956,TRD2023030805618,,17148,98314,0733272300314134,,
957,TRD2023030805853,,17148,98355,0733272300314548,,
958,TRD2023030805927,,61253,60232,6833602300006676,,
959,TRD2023030907868,,17148,98355,0733272300317699,,
960,TRD2023030907871,,17148,98362,0733272300317822,,
961,TRD2023030907899,,17148,98362,0733272300318408,,
962,TRD2023030907940,,17148,98314,0733272300318093,,
963,TRD2023030907952,,17148,98356,0733272300318457,,
964,TRD2023030908273,,17148,98362,0733272300318689,,
965,TRD2023030908653,,17148,98314,0733272300319661,,
966,TRD2023031006074,,17148,98314,0733272300319984,,
967,TRD2023031006115,,17148,98355,0733272300320313,,
968,TRD2023031006925,,11450,98314,0136932300202109,,
969,TRD2023031006983,,17148,98355,0733272300321543,,
970,TRD2023031006984,,17148,98314,0733272300321550,,
971,TRD2023031007243,,17148,98355,0733272300321691,,
972,TRD2023031008835,,17148,98362,0733272300322822,,
973,TRD2023031008839,,17148,98314,0733272300323044,,
974,TRD2023031008849,,17148,98362,0733272300322921,,
975,TRD2023031105664,,17148,99910,0733272300323705,,
976,TRD2023031106004,,17148,98314,0733272300324539,,
977,TRD2023031106034,,17148,98314,0733272300324778,,
978,TRD2023031106068,,17148,98314,0733272300325064,,
979,TRD2023031107235,,17148,98352,0733272300326302,,
980,TRD2023031107237,,17148,98363,0733272300326575,,
981,TRD2023031107243,,17148,98314,0733272300326666,,
982,TRD2023031107497,,45556,98314,2534902300121751,,
983,TRD2023031107662,,61253,60161,6833602300008482,,
984,TRD2023031309029,,17148,98314,0733272300329884,,
985,TRD2023031309244,,45556,98362,2534902300122163,,
986,TRD2023031310345,,17148,98311,0733272300331005,,
987,TRD2023031310355,,17148,98362,0733272300331153,,
988,TRD2023031310582,,17148,98362,0733272300332573,,
989,TRD2023031310588,,17148,98314,0733272300331716,,
990,TRD2023031310625,,17148,98356,0733272300332060,,
991,TRD2023031311789,,17148,98314,0733272300334165,,
992,TRD2023031405431,,17148,98355,0733272300336442,,
993,TRD2023031405453,,17148,98353,0733272300336772,,
994,TRD2023031405730,,17148,98314,0733272300336897,,
995,TRD2023031405840,,11450,98314,0136932300208502,,
996,TRD2023031512964,,61253,60117,6833602300011023,,
997,TRD2023031513339,,17148,98363,0733272300341350,,
998,TRD2023031513594,,11450,98314,0136932300209922,,
999,TRD2023031514047,,17148,98373,0733272300342267,,
1000,TRD2023031605130,,17148,98314,0733272300344206,,
1001,TRD2023031605250,,17148,98314,0733272300344354,,
1002,TRD2023031605712,,61253,60117,6833602300011551,,
1003,TRD2023031605729,,17148,98352,0733272300344487,,
1004,TRD2023031605939,,45556,98314,2534902300125224,,
1005,TRD2023031606210,,11450,98311,0136932300211142,,
1006,TRD2023031606214,,11450,98314,0136932300211118,,
1007,TRD2023031606231,,11450,98311,0136932300211191,,
1008,TRD2023031606423,,17148,98314,0733272300345468,,
1009,TRD2023031606431,,17148,98314,0733272300345245,,
1010,TRD2023031606437,,17148,98355,0733272300345401,,
1011,TRD2023031606483,,17148,98314,0733272300345674,,
1012,TRD2023031606487,,17148,98311,0733272300345666,,
1013,TRD2023031606868,,61253,60264,6833602300011866,,
1014,TRD2023031606957,,17148,98314,0733272300347530,,
1015,TRD2023031706049,,17148,98314,0733272300348199,,
1016,TRD2022071904209,,45556,98315,2534902200083655,,
1017,TRD2022102101452,,16157,66229,0834012200039920,,
1018,TRD2022072800452,,45556,98364,2534902200153136,,
1019,TRD2022080301228,,45556,98357,2534902200193058,,
1020,TRD2022081802795,,45556,98311,2534902200327169,,
1021,TRD2022082203225,,11450,98311,0136932200116599,,
1022,TRD2022082401520,,45556,98311,2534902200384012,,
1023,TRD2022082402466,,11450,98364,0136932200138098,,
1024,TRD2022082502039,,11450,98311,0136932200150895,,
1025,TRD2022082503092,,45556,98311,2534902200400446,,
1026,TRD2022082702270,,45556,98364,2534902200435467,,
1027,TRD2022082903558,,45556,98311,2534902200446696,,
1028,TRD2022083102691,,45556,98364,2534902200499687,,
1029,TRD2022090800548,,17148,98364,0733272200158342,,
1030,TRD2022091203464,,17148,98364,0733272200217387,,
1031,TRD2022091603371,,17148,21272,0733272200307170,,
1032,TRD2022092401468,,17148,98311,0733272200408432,,
1033,TRD2022092601734,,17148,98357,0733272200425394,,
1034,TRD2022092601929,,17148,98364,0733272200427390,,
1035,TRD2022092601998,,17148,98311,0733272200428208,,
1036,TRD2022092701910,,45556,90234,2534902200697082,,
1037,TRD2022100801721,,17148,98364,0733272200648078,,
1038,TRD2022101002125,,17148,98364,0733272200660792,,
1039,TRD2022101002191,,17148,98357,0733272200661071,,
1040,TRD2022101003453,,17148,98364,0733272200663978,,
1041,TRD2022101302298,,45556,98364,2534902200808531,,
1042,TRD2022101703442,,17148,98311,0733272200729241,,
1043,TRD2022101704181,,17148,98311,0733272200730181,,
1044,TRD2022101803174,,17148,98311,0733272200754652,,
1045,TRD2022101803201,,17148,98364,0733272200755154,,
1046,TRD2022102102842,,17148,98364,0733272200788148,,
1047,TRD2022102202204,,17148,98364,0733272200795564,,
1048,TRD2022102202304,,17148,98357,0733272200796497,,
1049,TRD2022102403482,,17148,98357,0733272200808409,,
1050,TRD2022102404262,,17148,98364,0733272200814894,,
1051,TRD2022102503151,,17148,98364,0733272200826534,,
1052,TRD2022102701591,,17148,98357,0733272200845732,,
1053,TRD2022102701854,,17148,98357,0733272200848462,,
1054,TRD2022102804025,,17148,98311,0733272200862455,,
1055,TRD2022102901866,,17148,98364,0733272200865474,,
1056,TRD2022103102396,,17148,98364,0733272200871134,,
1057,TRD2022103107462,,17148,98364,0733272200889094,,
1058,TRD2022103107476,,17148,98364,0733272200888294,,
1059,TRD2022110204029,,17148,98364,0733272200910759,,
1060,TRD2022110501679,,17148,98364,0733272200926110,,
1061,TRD2022110503402,,17148,98364,0733272200928538,,
1062,TRD2022110503429,,17148,98311,0733272200928785,,
1063,TRD2022110701811,,17148,98364,0733272200933520,,
1064,TRD2022110705501,,17148,98364,0733272200946035,,
1065,TRD2022110801495,,17148,98364,0733272200950854,,
1066,TRD2022111002575,,17148,98364,0733272200972916,,
1067,TRD2022111002801,,17148,98364,0733272200974128,,
1068,TRD2022111102736,,17148,98364,0733272200981545,,
1069,TRD2022111404515,,45556,98364,2534902200945283,,
1070,TRD2022111502608,,17148,98311,0733272201009106,,
1071,TRD2022111702432,,17148,98357,0733272201024998,,
1072,TRD2022111802022,,17148,98364,0733272201030995,,
1073,TRD2022111802048,,17148,98357,0733272201031217,,
1074,TRD2022111901842,,17148,98311,0733272201033965,,
1075,TRD2022112201297,,11450,98364,0136932200410711,,
1076,TRD2022112202338,,17148,98364,0733272201055075,,
1077,TRD2022112302459,,17148,98364,0733272201063020,,
1078,TRD2022112402413,,17148,98364,0733272201068318,,
1079,TRD2022112402949,,17148,98364,0733272201069969,,
1080,TRD2022112805241,,17148,98357,0733272201096186,,
1081,TRD2022112805596,,17148,98311,0733272201099461,,
1082,TRD2022112805610,,17148,98311,0733272201100467,,
1083,TRD2022112903253,,17148,98311,0733272201106308,,
1084,TRD2022113002225,,17148,98364,0733272201111225,,
1085,TRD2022120101979,,17148,98311,0733272201116679,,
1086,TRD2022120102798,,17148,98364,0733272201118527,,
1087,TRD2022120103040,,17148,98311,0733272201120796,,
1088,TRD2022120502955,,17148,98364,0733272201141248,,
1089,TRD2022120507252,,17148,98311,0733272201143186,,
1090,TRD2022120507313,,17148,98364,0733272201143749,,
1091,TRD2022120603628,,17148,98311,0733272201149464,,
1092,TRD2022120802424,,17148,98364,0733272201167995,,
1093,TRD2022120902961,,17148,98357,0733272201175618,,
1094,TRD2022120903233,,17148,98357,0733272201176996,,
1095,TRD2022121007306,,17148,98364,0733272201181350,,
1096,TRD2022121205822,,17148,98311,0733272201191433,,
1097,TRD2022121303066,,17148,98364,0733272201193975,,
1098,TRD2022121303220,,11450,98311,0136932200451590,,
1099,TRD2022121402048,,17148,98311,0733272201197570,,
1100,TRD2022121402120,,17148,98364,0733272201197885,,
1101,TRD2022121402278,,11450,98311,0136932200454255,,
1102,TRD2022121402399,,17148,98364,0733272201199501,,
1103,TRD2022121503474,,17148,98364,0733272201203204,,
1104,TRD2022121602834,,17148,98311,0733272201207403,,
1105,TRD2022121603063,,17148,98311,0733272201207841,,
1106,TRD2022121605186,,11450,98311,0136932200466333,,
1107,TRD2022121605220,,11450,98357,0136932200466705,,
1108,TRD2022121905328,,17148,98364,0733272201220323,,
1109,TRD2022121905415,,17148,98364,0733272201221016,,
1110,TRD2022121905545,,17148,98364,0733272201222410,,
1111,TRD2022121907453,,45556,98364,2534902200970638,,
1112,TRD2022121907463,,45556,98357,2534902200970737,,
1113,TRD2022122202493,,17148,98311,0733272201225876,,
1114,TRD2022122304806,,17148,98311,0733272201233896,,
1115,TRD2022122304867,,17148,98364,0733272201234449,,
1116,TRD2022122403516,,17148,98311,0733272201236840,,
1117,TRD2022122403899,,17148,98364,0733272201237467,,
1118,TRD2022122403925,,17148,98364,0733272201237541,,
1119,TRD2022122404650,,17148,98364,0733272201238960,,
1120,TRD2022122604919,,17148,98364,0733272201242749,,
1121,TRD2022122604938,,17148,98364,0733272201242897,,
1122,TRD2022122605407,,17148,98364,0733272201243689,,
1123,TRD2022122606459,,45556,98311,2534902200983730,,
1124,TRD2022122606945,,17148,98364,0733272201249603,,
1125,TRD2022122704288,,17148,98364,0733272201252797,,
1126,TRD2022122705018,,17148,98364,0733272201255071,,
1127,TRD2022122705166,,17148,98357,0733272201256343,,
1128,TRD2022122705299,,17148,98364,0733272201253431,,
1129,TRD2022122706616,,17148,98311,0733272201258646,,
1130,TRD2022122804429,,80117,86519,0532932200018605,,
1131,TRD2022122806592,,17148,98364,0733272201262358,,
1132,TRD2022122806668,,17148,98364,0733272201262812,,
1133,TRD2022122905701,,11450,98364,0136932200490762,,
1134,TRD2022122905718,,11450,98364,0136932200490895,,
1135,TRD2022122907729,,17148,98311,0733272201275129,,
1136,TRD2022123008026,,17148,98364,0733272201279535,,
1137,TRD2022123105706,,17148,98364,0733272201284212,,
1138,TRD2022123106081,,17148,98311,0733272201285888,,
1139,TRD2022123106452,,17148,98311,0733272201288148,,
1140,TRD2022123106758,,17148,98364,0733272201289427,,
1141,TRD2023010208191,,17148,98357,0733272300000527,,
1142,TRD2023010208436,,17148,98364,0733272300000964,,
1143,TRD2023010208480,,17148,98311,0733272300001285,,
1144,TRD2023010208572,,17148,98357,0733272300002291,,
1145,TRD2023010208577,,17148,98311,0733272300002390,,
1146,TRD2023010210718,,17148,98364,0733272300003679,,
1147,TRD2023010210791,,17148,98364,0733272300004511,,
1148,TRD2023010210814,,17148,98364,0733272300004750,,
1149,TRD2023010211994,,17148,98364,0733272300006722,,
1150,TRD2023010307342,,17148,98364,0733272300011219,,
1151,TRD2023010307580,,17148,98357,0733272300012563,,
1152,TRD2023010307629,,17148,98311,0733272300012985,,
1153,TRD2023010405555,,45556,98364,2534902300004908,,
1154,TRD2023010409028,,17148,98364,0733272300016630,,
1155,TRD2023010506398,,17148,98364,0733272300025524,,
1156,TRD2023010511859,,17148,98311,0733272300029062,,
1157,TRD2023010511944,,17148,98364,0733272300029732,,
1158,TRD2023010604532,,45556,98364,2534902300010442,,
1159,TRD2023010604540,,45556,98364,2534902300010277,,
1160,TRD2023010706140,,17148,98364,0733272300036679,,
1161,TRD2023010706205,,17148,98364,0733272300037230,,
1162,TRD2023010909577,,17148,98311,0733272300042206,,
1163,TRD2023010909587,,17148,98364,0733272300043147,,
1164,TRD2023010910048,,17148,98364,0733272300046371,,
1165,TRD2023010911792,,45556,98364,2534902300016308,,
1166,TRD2023010911815,,45556,98357,2534902300016720,,
1167,TRD2023010911820,,45556,98364,2534902300016381,,
1168,TRD2023011105458,,17148,98364,0733272300055059,,
1169,TRD2023011105473,,17148,98311,0733272300055315,,
1170,TRD2023011204559,,17148,98364,0733272300061560,,
1171,TRD2023011206527,,45556,98311,2534902300021837,,
1172,TRD2023011206528,,45556,98364,2534902300021811,,
1173,TRD2023011304525,,17148,98364,0733272300071346,,
1174,TRD2023011404434,,17148,98364,0733272300075099,,
1175,TRD2023011404807,,17148,98311,0733272300077319,,
1176,TRD2023011606408,,45556,98364,2534902300028121,,
1177,TRD2023011606413,,45556,98311,2534902300028626,,
1178,TRD2023011607523,,45556,98364,2534902300029301,,
1179,TRD2023011611348,,11450,98311,0136932300032407,,
1180,TRD2023011703618,,45556,98364,2534902300030986,,
1181,TRD2023011703640,,45556,98364,2534902300031414,,
1182,TRD2023011704774,,17148,98357,0733272300090635,,
1183,TRD2023011705765,,17148,98357,0733272300090999,,
1184,TRD2023011803192,,17148,98364,0733272300092516,,
1185,TRD2023011803255,,17148,98364,0733272300092631,,
1186,TRD2023011904686,,45556,98364,2534902300036207,,
1187,TRD2023011904701,,45556,98311,2534902300036306,,
1188,TRD2023012004037,,45556,98311,2534902300038005,,
1189,TRD2023012104548,,45556,98311,2534902300039656,,
1190,TRD2023012104712,,45556,98364,2534902300039862,,
1191,TRD2023012105117,,45556,98311,2534902300040985,,
1192,TRD2023012105649,,17148,98364,0733272300107397,,
1193,TRD2023012306053,,45556,98364,2534902300041702,,
1194,TRD2023012306096,,45556,98357,2534902300042601,,
1195,TRD2023012306097,,45556,98357,2534902300042510,,
1196,TRD2023012306125,,45556,98357,2534902300042361,,
1197,TRD2023012306132,,45556,98311,2534902300041942,,
1198,TRD2023012306425,,45556,98311,2534902300042932,,
1199,TRD2023012404647,,17148,98364,0733272300113726,,
1200,TRD2023012405200,,17148,98364,0733272300115655,,
1201,TRD2023012406088,,17148,98364,0733272300116349,,
1202,TRD2023012503813,,45556,98364,2534902300045869,,
1203,TRD2023012504019,,45556,98364,2534902300046123,,
1204,TRD2023012504169,,45556,98357,2534902300046883,,
1205,TRD2023012506531,,45556,98364,2534902300052584,,
1206,TRD2023012704044,,45556,98364,2534902300056296,,
1207,TRD2023012705168,,11450,98364,0136932300066553,,
1208,TRD2023012803004,,45556,98364,2534902300058391,,
1209,TRD2023012804882,,17148,98311,0733272300126736,,
1210,TRD2023012804960,,17148,98357,0733272300127494,,
1211,TRD2023012805043,,17148,98364,0733272300128500,,
1212,TRD2023013005946,,45556,98364,2534902300059886,,
1213,TRD2023013006014,,17148,98311,0733272300132064,,
1214,TRD2023013007261,,45556,98364,2534902300061148,,
1215,TRD2023013007321,,45556,98364,2534902300061296,,
1216,TRD2023013007324,,45556,98357,2534902300061353,,
1217,TRD2023013008764,,17148,98311,0733272300136958,,
1218,TRD2023013009418,,17148,98364,0733272300138293,,
1219,TRD2023013009472,,17148,98311,0733272300137931,,
1220,TRD2023013106756,,17148,98364,0733272300144838,,
1221,TRD2023020104075,,45556,98364,2534902300064639,,
1222,TRD2023020104086,,45556,98364,2534902300064878,,
1223,TRD2023020106253,,17148,98364,0733272300149498,,
1224,TRD2023020106270,,17148,98364,0733272300149563,,
1225,TRD2023020106301,,17148,98364,0733272300149928,,
1226,TRD2023020204126,,45556,98357,2534902300067087,,
1227,TRD2023020204584,,45556,98311,2534902300067970,,
1228,TRD2023020304117,,45556,98357,2534902300068788,,
1229,TRD2023020304144,,45556,98357,2534902300068895,,
1230,TRD2023020305951,,45556,98315,2534902300070768,,
1231,TRD2023020306510,,45556,98364,2534902300071907,,
1232,TRD2023020402525,,45556,98357,2534902300072632,,
1233,TRD2023020402530,,45556,98364,2534902300072764,,
1234,TRD2023020403893,,45556,98357,2534902300074216,,
1235,TRD2023020608816,,45556,98364,2534902300079835,,
1236,TRD2023020704412,,45556,98364,2534902300081245,,
1237,TRD2023020706047,,17148,98364,0733272300176749,,
1238,TRD2023020809720,,45556,98357,2534902300084629,,
1239,TRD2023020903917,,17148,98357,0733272300181160,,
1240,TRD2023020903954,,45556,98357,2534902300085782,,
1241,TRD2023020904560,,45556,98364,2534902300086624,,
1242,TRD2023020905506,,45556,98311,2534902300087432,,
1243,TRD2023020905511,,45556,98364,2534902300087283,,
1244,TRD2023020905513,,45556,98357,2534902300087424,,
1245,TRD2023021003453,,45556,98315,2534902300087978,,
1246,TRD2023021003456,,45556,98364,2534902300087937,,
1247,TRD2023021004330,,45556,98315,2534902300088687,,
1248,TRD2023021004740,,17148,98315,0733272300187696,,
1249,TRD2023021103849,,17148,98315,0733272300189908,,
1250,TRD2023021104201,,45556,98364,2534902300090774,,
1251,TRD2023021306129,,45556,98315,2534902300092481,,
1252,TRD2023021306161,,45556,98315,2534902300092895,,
1253,TRD2023021307230,,45556,98357,2534902300093976,,
1254,TRD2023021307809,,11450,98315,0136932300119600,,
1255,TRD2023021308075,,45556,98315,2534902300094743,,
1256,TRD2023021308080,,45556,98315,2534902300094859,,
1257,TRD2023021309573,,17148,98315,0733272300197760,,
1258,TRD2023021309639,,17148,98315,0733272300198388,,
1259,TRD2023021406812,,17148,98315,0733272300203139,,
1260,TRD2023021504223,,45556,98364,2534902300097894,,
1261,TRD2023021505315,,17148,98364,0733272300205761,,
1262,TRD2023021505735,,45556,98364,2534902300098934,,
1263,TRD2023021603816,,45556,98357,2534902300099601,,
1264,TRD2023021603998,,45556,98364,2534902300100383,,
1265,TRD2023021604249,,45556,98315,2534902300100524,,
1266,TRD2023021703421,,45556,98357,2534902300101670,,
1267,TRD2023021705444,,45556,98357,2534902300102827,,
1268,TRD2023021705454,,45556,98315,2534902300103064,,
1269,TRD2023021706150,,17148,98315,0733272300215265,,
1270,TRD2023021802120,,17148,98364,0733272300216933,,
1271,TRD2023021802798,,45556,98364,2534902300103528,,
1272,TRD2023021802827,,45556,98315,2534902300103908,,
1273,TRD2023022009393,,17148,98364,0733272300221172,,
1274,TRD2023022010355,,45556,98357,2534902300106406,,
1275,TRD2023022010407,,45556,98357,2534902300106505,,
1276,TRD2023022104607,,45556,98315,2534902300108469,,
1277,TRD2023022204555,,45556,98364,2534902300110713,,
1278,TRD2023022305584,,17148,98315,0733272300238333,,
1279,TRD2023022505010,,17148,98364,0733272300247292,,
1280,TRD2023022505031,,17148,98315,0733272300247524,,
1281,TRD2023022506120,,17148,98315,0733272300249967,,
1282,TRD2023022707620,,17148,98357,0733272300252441,,
1283,TRD2023022708252,,17148,98315,0733272300253415,,
1284,TRD2023022710815,,17148,98315,0733272300259917,,
1285,TRD2023022714095,,17148,98364,0733272300266474,,
1286,TRD2023022714151,,17148,98315,0733272300266987,,
1287,TRD2023022805913,,17148,98357,0733272300269924,,
1288,TRD2023022805958,,17148,98364,0733272300271573,,
1289,TRD2023022805995,,17148,98364,0733272300271474,,
1290,TRD2023030105422,,17148,98364,0733272300275640,,
1291,TRD2023030105492,,17148,98364,0733272300275806,,
1292,TRD2023030106426,,11450,98315,0136932300179281,,
1293,TRD2023030107696,,17148,98315,0733272300282141,,
1294,TRD2023030205953,,61253,60256,6833602300003368,,
1295,TRD2023030208191,,45556,98357,2534902300117601,,
1296,TRD2023030208230,,17148,98315,0733272300287017,,
1297,TRD2023030209455,,17148,98315,0733272300289955,,
1298,TRD2023030307136,,17148,98364,0733272300291480,,
1299,TRD2023030307141,,17148,98364,0733272300291530,,
1300,TRD2023030307177,,17148,98315,0733272300291902,,
1301,TRD2023030307423,,17148,98361,0733272300293510,,
1302,TRD2023030308781,,17148,98364,0733272300295689,,
1303,TRD2023030308814,,17148,98364,0733272300296554,,
1304,TRD2023030405386,,17148,98364,0733272300297305,,
1305,TRD2023030609276,,11450,98364,0136932300193183,,
1306,TRD2023030609836,,17148,98357,0733272300303822,,
1307,TRD2023030609937,,17148,98364,0733272300304465,,
1308,TRD2023030706306,,17148,98315,0733272300309043,,
1309,TRD2023030706555,,61253,60197,6833602300005942,,
1310,TRD2023030708048,,17148,98315,0733272300312674,,
1311,TRD2023030708076,,17148,98364,0733272300313086,,
1312,TRD2023030805386,,61253,61256,6833602300006296,,
1313,TRD2023030805632,,17148,98364,0733272300314175,,
1314,TRD2023030807675,,17148,98364,0733272300315669,,
1315,TRD2023030907413,,17148,98315,0733272300316899,,
1316,TRD2023030907501,,17148,98364,0733272300317343,,
1317,TRD2023030907662,,61253,60113,6833602300006981,,
1318,TRD2023030907668,,61253,60294,6833602300007013,,
1319,TRD2023030908269,,17148,98364,0733272300318622,,
1320,TRD2023030908634,,17148,98364,0733272300319554,,
1321,TRD2023031006612,,61253,60179,6833602300007260,,
1322,TRD2023031006837,,17148,98357,0733272300321295,,
1323,TRD2023031106125,,17148,98315,0733272300325189,,
1324,TRD2023031107247,,17148,98315,0733272300326211,,
1325,TRD2023031107666,,61253,61256,6833602300008417,,
1326,TRD2023031308471,,17148,98315,0733272300329090,,
1327,TRD2023031309943,,61253,61256,6833602300008805,,
1328,TRD2023031310136,,61253,60127,6833602300009480,,
1329,TRD2023031310142,,61253,68485,6833602300009100,,
1330,TRD2023031310340,,17148,98357,0733272300331203,,
1331,TRD2023031310351,,17148,98357,0733272300331252,,
1332,TRD2023031310356,,17148,98315,0733272300331054,,
1333,TRD2023031310616,,17148,98364,0733272300331898,,
1334,TRD2023031311782,,17148,98364,0733272300334215,,
1335,TRD2023031311793,,17148,98315,0733272300334447,,
1336,TRD2023031311797,,17148,98364,0733272300334439,,
1337,TRD2023031405394,,17148,98364,0733272300336152,,
1338,TRD2023031405435,,17148,98315,0733272300336467,,
1339,TRD2023031405481,,17148,98357,0733272300336616,,
1340,TRD2023031405823,,11450,98364,0136932300208536,,
1341,TRD2023031405863,,11450,98364,0136932300208791,,
1342,TRD2023031512585,,45556,98364,2534902300124201,,
1343,TRD2023031512974,,61253,61256,6833602300011049,,
1344,TRD2023031513381,,17148,98315,0733272300341558,,
1345,TRD2023031513885,,17148,98364,0733272300341996,,
1346,TRD2023031605147,,17148,98364,0733272300344305,,
1347,TRD2023031606218,,11450,98364,0136932300211092,,
1348,TRD2023031606467,,17148,98364,0733272300345724,,
1349,TRD2023040804599,,45556,98364,2534902300139035,,
1350,TRD2023041202329,,17148,98364,0733272300370680,,
1351,TRD2023050508549,,17148,98364,0733272300372892,,
