No,originCityName,originPostalCode,originLat,originLong,destinationPostalCode,destinationLat,destinationLong
1,Banyuasin,30911,-2.434015,104.583599,32184,-3.60614,103.975773
2,Banyuasin,30911,-2.434015,104.583599,35376,-5.364748,104.972015
3,Tapanuli Tengah,22611,1.815388,98.883182,28411,0.291466,101.143107
4,Tapanuli Tengah,22611,1.815388,98.883182,20111,3.595196,98.672222
5,Banggai Laut,94892,-1.675078,123.044016,94971,0.900303,121.677543
6,Tapanuli Tengah,22611,1.815388,98.883182,20111,3.595196,98.672222
7,Tapanuli Tengah,22611,1.815388,98.883182,23764,3.779372,97.609232
8,Banyuasin,30911,-2.434015,104.583599,34764,-4.112872,104.488548
9,Kutai Timur,75683,-1.816160,117.614852,90111,-5.147665,119.432731
10,Tapanuli Tengah,22611,1.815388,98.883182,23891,2.602874,96.050869
11,Banyuasin,30911,-2.434015,104.583599,35592,-5.51985,104.939981
12,Tapanuli Tengah,22611,1.815388,98.883182,20511,3.480805,98.664792
13,Kutai Timur,75683,-1.816160,117.614852,91311,-3.281948,119.336006
14,Kutai Timur,75683,-1.816160,117.614852,75511,-0.214494,116.959885
15,Tapanuli Tengah,22611,1.815388,98.883182,24352,5.186948,97.133471
16,Kutai Timur,75683,-1.816160,117.614852,91992,-2.811711,120.124027
17,Tapanuli Tengah,22611,1.815388,98.883182,22392,2.584514,98.863784
18,Tapanuli Tengah,22611,1.815388,98.883182,23681,4.393488,96.728292
19,Tapanuli Tengah,22611,1.815388,98.883182,20811,3.792181,98.385996
20,Tapanuli Tengah,22611,1.815388,98.883182,24111,5.150908,95.980123
21,Banyuasin,30911,-2.434015,104.583599,31311,-3.549068,103.85882
22,Kutai Timur,75683,-1.816160,117.614852,76111,-1.267638,116.827905
23,Banyuasin,30911,-2.434015,104.583599,33214,-2.741174,106.440587
24,Banyuasin,30911,-2.434015,104.583599,34157,-4.884785,105.198391
25,Banyuasin,30911,-2.434015,104.583599,31661,-2.77162,103.008349
26,Kutai Timur,75683,-1.816160,117.614852,92711,-4.826803,120.052518
27,Kutai Timur,75683,-1.816160,117.614852,90911,-3.783826,120.104919
28,Banyuasin,30911,-2.434015,104.583599,30111,-2.987319,104.736009
29,Tapanuli Tengah,22611,1.815388,98.883182,20111,3.595196,98.672222
30,Tapanuli Tengah,22611,1.815388,98.883182,25511,-0.57461,100.148899
31,Tapanuli Tengah,22611,1.815388,98.883182,26311,0.148999,99.654716
32,Kutai Timur,75683,-1.816160,117.614852,92111,-5.370028,119.689257
33,Kutai Timur,75683,-1.816160,117.614852,94356,-0.423099,119.841901
34,Tapanuli Tengah,22611,1.815388,98.883182,26164,-0.254882,100.233707
35,Banyuasin,30911,-2.434015,104.583599,30911,-2.434015,104.583599
36,Kutai Timur,75683,-1.816160,117.614852,91361,-1.502777,119.655733
37,Banyuasin,30911,-2.434015,104.583599,32184,-3.60614,103.975773
38,Banyuasin,30911,-2.434015,104.583599,36514,-1.292884,103.879452
39,Kutai Timur,75683,-1.816160,117.614852,73112,-2.204763,113.924411
40,Kutai Timur,75683,-1.816160,117.614852,91853,-2.958132,119.935797
41,Banyuasin,30911,-2.434015,104.583599,30655,-3.446607,104.488097
42,Banyuasin,30911,-2.434015,104.583599,79465,1.403274,109.325107
43,Banyuasin,30911,-2.434015,104.583599,78113,-0.036714,109.338004
44,Banyuasin,30911,-2.434015,104.583599,38571,-4.222318,103.012315
45,Banyuasin,30911,-2.434015,104.583599,36514,-1.25072,103.38945
46,Banyuasin,30911,-2.434015,104.583599,79111,0.90931,108.984931
47,Banyuasin,30911,-2.434015,104.583599,29211,-0.170646,102.530555
48,Tapanuli Tengah,22611,1.815388,98.883182,28557,0.881609,100.655658
49,Tapanuli Tengah,22611,1.815388,98.883182,24261,5.16914,96.789803
50,Tapanuli Tengah,22611,1.815388,98.883182,24382,5.506105,95.36854
51,Banyuasin,30911,-2.434015,104.583599,31511,-3.730898,102.78492
52,Kutai Timur,75683,-1.816160,117.614852,77211,2.890445,117.986957
53,Banyuasin,30911,-2.434015,104.583599,36514,-1.25072,103.38945
54,Kutai Timur,75683,-1.816160,117.614852,91911,-2.978439,120.091282
55,Banyuasin,30911,-2.434015,104.583599,79465,1.403274,109.325107
56,Kutai Timur,75683,-1.816160,117.614852,91992,-2.811711,120.124027
57,Kutai Timur,75683,-1.816160,117.614852,91211,-3.742875,119.520969
58,Banyuasin,30911,-2.434015,104.583599,33511,-2.909958,108.160792
59,Banyuasin,30911,-2.434015,104.583599,37311,-2.34895,102.126105
60,Tapanuli Tengah,22611,1.815388,98.883182,20111,3.595196,98.672222
61,Kutai Timur,75683,-1.816160,117.614852,73712,-1.967769,114.810215
62,Banyuasin,30911,-2.434015,104.583599,34111,-5.113594,105.305088
63,Kutai Timur,75683,-1.816160,117.614852,92711,-4.826803,120.052518
64,Tapanuli Tengah,22611,1.815388,98.883182,21464,1.978433,100.095751
65,Kutai Timur,75683,-1.816160,117.614852,74363,-1.720654,111.361152
66,Banyuasin,30911,-2.434015,104.583599,34157,-4.884785,105.198391
67,Tapanuli Tengah,22611,1.815388,98.883182,26311,0.148999,99.654716
68,Tapanuli Tengah,22611,1.815388,98.883182,21455,2.358065,100.354073
69,Kutai Timur,75683,-1.816160,117.614852,76143,-1.180361,116.441559
70,Tapanuli Tengah,22611,1.815388,98.883182,25392,-1.043182,99.31581
71,Banggai Laut,94892,-1.675078,123.044016,95881,4.109578,126.809313
72,Kutai Timur,75683,-1.816160,117.614852,73712,-1.967769,114.810215
73,Tapanuli Tengah,22611,1.815388,98.883182,21111,2.963409,99.060574
74,Banggai Laut,94892,-1.675078,123.044016,93811,-4.155098,122.583667
75,Banyuasin,30911,-2.434015,104.583599,35111,-5.427139,105.257972
76,Tapanuli Tengah,22611,1.815388,98.883182,22742,-1.7854,99.100706
77,Banyuasin,30911,-2.434015,104.583599,78852,-1.350377,110.436354
78,Banggai Laut,94892,-1.675078,123.044016,95411,1.327994,124.836267
79,Tapanuli Tengah,22611,1.815388,98.883182,21311,2.961995,99.800549
80,Banyuasin,30911,-2.434015,104.583599,28755,0.936412,102.700215
81,Banyuasin,30911,-2.434015,104.583599,79111,0.90931,108.984931
82,Tapanuli Tengah,22611,1.815388,98.883182,24511,4.634051,96.916392
83,Kutai Timur,75683,-1.816160,117.614852,74261,-2.552164,112.581647
84,Banggai Laut,94892,-1.675078,123.044016,94974,-2.484031,121.911621
85,Tapanuli Tengah,22611,1.815388,98.883182,22611,1.815388,98.883182
86,Tapanuli Tengah,22611,1.815388,98.883182,22411,2.33024,98.663552
87,Kutai Timur,75683,-1.816160,117.614852,92917,-2.382177,119.944564
88,Banyuasin,30911,-2.434015,104.583599,33123,-2.129178,106.109733
89,Banggai Laut,94892,-1.675078,123.044016,93791,-5.348188,123.605246
90,Banyuasin,30911,-2.434015,104.583599,33123,-2.129178,106.109733
91,Banyuasin,30911,-2.434015,104.583599,31311,-3.549068,103.85882
92,Banyuasin,30911,-2.434015,104.583599,35592,-5.51985,104.939981
93,Banyuasin,30911,-2.434015,104.583599,78384,0.122803,109.609764
94,Kutai Timur,75683,-1.816160,117.614852,92711,-4.826803,120.052518
95,Tapanuli Tengah,22611,1.815388,98.883182,20711,3.601034,98.485377
96,Banyuasin,30911,-2.434015,104.583599,34157,-4.884785,105.198391
97,Banyuasin,30911,-2.434015,104.583599,35111,-5.427139,105.257972
98,Kutai Timur,75683,-1.816160,117.614852,71419,-2.286212,115.213917
99,Banyuasin,30911,-2.434015,104.583599,38375,-3.792366,102.277413
100,Banyuasin,30911,-2.434015,104.583599,37211,-1.346301,101.842768
101,Banyuasin,30911,-2.434015,104.583599,38612,-3.142545,101.173582
102,Tapanuli Tengah,22611,1.815388,98.883182,21455,2.358065,100.354073
103,Tapanuli Tengah,22611,1.815388,98.883182,27511,-0.679012,101.253522
104,Kutai Timur,75683,-1.816160,117.614852,91811,-3.086371,119.904811
105,Tapanuli Tengah,22611,1.815388,98.883182,26164,-0.254882,100.233707
106,Tapanuli Tengah,22611,1.815388,98.883182,20711,3.601034,98.485377
107,Kutai Timur,75683,-1.816160,117.614852,91211,-3.742875,119.520969
108,Banyuasin,30911,-2.434015,104.583599,31111,-3.43947,104.242479
109,Tapanuli Tengah,22611,1.815388,98.883182,24111,5.150908,95.980123
110,Tapanuli Tengah,22611,1.815388,98.883182,24786,2.494228,97.917348
111,Kutai Timur,75683,-1.816160,117.614852,90111,-5.147665,119.432731
112,Banyuasin,30911,-2.434015,104.583599,28755,0.936412,102.700215
113,Kutai Timur,75683,-1.816160,117.614852,94111,-0.883391,119.481491
114,Banggai Laut,94892,-1.675078,123.044016,93411,-4.166719,122.2521
115,Kutai Timur,75683,-1.816160,117.614852,71215,-2.808934,115.222296
116,Kutai Timur,75683,-1.816160,117.614852,72163,-3.267211,116.225153
117,Kutai Timur,75683,-1.816160,117.614852,78611,0.06395,111.492913
118,Kutai Timur,75683,-1.816160,117.614852,91361,-1.502777,119.655733
119,Banggai Laut,94892,-1.675078,123.044016,96362,0.648322,122.494283
120,Kutai Timur,75683,-1.816160,117.614852,71315,-2.455097,115.224386
121,Kutai Timur,75683,-1.816160,117.614852,90111,-5.147665,119.432731
122,Banyuasin,30911,-2.434015,104.583599,29427,1.045626,104.030454
123,Banyuasin,30911,-2.434015,104.583599,29427,1.045626,104.030454
124,Banyuasin,30911,-2.434015,104.583599,32274,-4.235329,103.530487
125,Tapanuli Tengah,22611,1.815388,98.883182,20511,3.480805,98.664792
126,Banyuasin,30911,-2.434015,104.583599,32156,-4.002411,103.873268
127,Banyuasin,30911,-2.434015,104.583599,34388,-4.542288,104.909314
128,Banyuasin,30911,-2.434015,104.583599,30111,-2.987319,104.736009
129,Banyuasin,30911,-2.434015,104.583599,36514,-1.292884,103.879452
130,Banyuasin,30911,-2.434015,104.583599,79465,1.403274,109.325107
131,Banggai Laut,94892,-1.675078,123.044016,94511,1.251668,121.838729
132,Tapanuli Tengah,22611,1.815388,98.883182,20995,3.432974,99.112736
133,Kutai Timur,75683,-1.816160,117.614852,75765,0.562174,115.689548
134,Banyuasin,30911,-2.434015,104.583599,33214,-2.741174,106.440587
135,Tapanuli Tengah,22611,1.815388,98.883182,20511,3.480805,98.664792
136,Tapanuli Tengah,22611,1.815388,98.883182,22311,2.371365,99.143379
137,Banggai Laut,94892,-1.675078,123.044016,95231,1.493416,124.841685
138,Kutai Timur,75683,-1.816160,117.614852,91371,-2.989799,119.345682
139,Tapanuli Tengah,22611,1.815388,98.883182,20111,3.595196,98.672222
140,Kutai Timur,75683,-1.816160,117.614852,70117,-3.320299,114.591866
141,Kutai Timur,75683,-1.816160,117.614852,91911,-2.978439,120.091282
142,Tapanuli Tengah,22611,1.815388,98.883182,21411,2.256043,100.043743
143,Tapanuli Tengah,22611,1.815388,98.883182,22271,3.635995,98.545156
144,Kutai Timur,75683,-1.816160,117.614852,94356,-0.423099,119.841901
145,Banggai Laut,94892,-1.675078,123.044016,96266,0.739309,121.991675
146,Tapanuli Tengah,22611,1.815388,98.883182,25111,-0.939989,100.35412
147,Banyuasin,30911,-2.434015,104.583599,78557,0.13477,110.592349
148,Tapanuli Tengah,22611,1.815388,98.883182,21255,3.287994,99.507255
149,Tapanuli Tengah,22611,1.815388,98.883182,20711,3.601034,98.485377
150,Tapanuli Tengah,22611,1.815388,98.883182,24651,3.263524,97.792933
151,Kutai Timur,75683,-1.816160,117.614852,71419,-2.286212,115.213917
152,Tapanuli Tengah,22611,1.815388,98.883182,28557,0.881609,100.655658
153,Tapanuli Tengah,22611,1.815388,98.883182,20111,3.595196,98.672222
154,Tapanuli Tengah,22611,1.815388,98.883182,27511,-0.679012,101.253522
155,Kutai Timur,75683,-1.816160,117.614852,92917,-2.382177,119.944564
156,Banyuasin,30911,-2.434015,104.583599,29427,1.045626,104.030454
157,Tapanuli Tengah,22611,1.815388,98.883182,20511,3.480805,98.664792
158,Kutai Timur,75683,-1.816160,117.614852,71315,-2.455097,115.224386
159,Banyuasin,30911,-2.434015,104.583599,29427,1.045626,104.030454
160,Kutai Timur,75683,-1.816160,117.614852,75683,-1.81616,117.614852
161,Tapanuli Tengah,22611,1.815388,98.883182,20511,3.480805,98.664792
162,Banggai Laut,94892,-1.675078,123.044016,95761,0.896073,124.529053
163,Kutai Timur,75683,-1.816160,117.614852,74361,-2.04596,112.297125
164,Banyuasin,30911,-2.434015,104.583599,27678,-1.179729,101.341942
165,Tapanuli Tengah,22611,1.815388,98.883182,21161,2.971524,99.000226
166,Banyuasin,30911,-2.434015,104.583599,29319,0.862682,102.731788
167,Tapanuli Tengah,22611,1.815388,98.883182,20611,3.330128,99.149764
168,Kutai Timur,75683,-1.816160,117.614852,92111,-5.370028,119.689257
169,Banggai Laut,94892,-1.675078,123.044016,93572,-4.068587,121.826181
170,Kutai Timur,75683,-1.816160,117.614852,73712,-1.967769,114.810215
171,Banyuasin,30911,-2.434015,104.583599,29783,4.115287,108.146791
172,Tapanuli Tengah,22611,1.815388,98.883182,28911,1.950618,100.825648
173,Kutai Timur,75683,-1.816160,117.614852,75683,-1.81616,117.614852
174,Banyuasin,30911,-2.434015,104.583599,37571,-1.578579,102.349139
175,Banyuasin,30911,-2.434015,104.583599,35111,-5.427139,105.257972
176,Banyuasin,30911,-2.434015,104.583599,32156,-4.002411,103.873268
177,Kutai Timur,75683,-1.816160,117.614852,92981,-3.350617,120.347328
178,Tapanuli Tengah,22611,1.815388,98.883182,26566,-0.356482,99.872362
179,Kutai Timur,75683,-1.816160,117.614852,91311,-3.281948,119.336006
180,Banggai Laut,94892,-1.675078,123.044016,93611,-4.897745,122.600079
181,Kutai Timur,75683,-1.816160,117.614852,90911,-3.783826,120.104919
182,Tapanuli Tengah,22611,1.815388,98.883182,21411,2.256043,100.043743
183,Tapanuli Tengah,22611,1.815388,98.883182,21455,2.358065,100.354073
184,Banyuasin,30911,-2.434015,104.583599,30111,-2.987319,104.736009
185,Kutai Timur,75683,-1.816160,117.614852,73712,-1.967769,114.810215
186,Tapanuli Tengah,22611,1.815388,98.883182,27211,-0.453214,100.531948
187,Kutai Timur,75683,-1.816160,117.614852,76111,-1.267638,116.827905
188,Banyuasin,30911,-2.434015,104.583599,36128,-1.610122,103.613122
189,Kutai Timur,75683,-1.816160,117.614852,90111,-5.147665,119.432731
190,Banyuasin,30911,-2.434015,104.583599,34157,-4.884785,105.198391
191,Tapanuli Tengah,22611,1.815388,98.883182,21311,2.961995,99.800549
192,Tapanuli Tengah,22611,1.815388,98.883182,28411,0.291466,101.143107
193,Banggai Laut,94892,-1.675078,123.044016,93411,-4.166719,122.2521
194,Banyuasin,30911,-2.434015,104.583599,39115,-3.385216,102.759482
195,Kutai Timur,75683,-1.816160,117.614852,77111,3.300009,117.61851
196,Banyuasin,30911,-2.434015,104.583599,36364,-1.602238,103.610513
197,Banyuasin,30911,-2.434015,104.583599,29211,-0.170646,102.530555
198,Tapanuli Tengah,22611,1.815388,98.883182,24382,5.506105,95.36854
199,Kutai Timur,75683,-1.816160,117.614852,73112,-2.204763,113.924411
200,Kutai Timur,75683,-1.816160,117.614852,92511,-5.425673,120.203804
201,Tapanuli Tengah,22611,1.815388,98.883182,20811,3.792181,98.385996
202,Banyuasin,30911,-2.434015,104.583599,29211,-0.170646,102.530555
203,Tapanuli Tengah,22611,1.815388,98.883182,24653,3.986971,97.317543
204,Tapanuli Tengah,22611,1.815388,98.883182,28411,0.291466,101.143107
205,Banyuasin,30911,-2.434015,104.583599,35611,-5.351673,104.751878
206,Kutai Timur,75683,-1.816160,117.614852,74361,-2.04596,112.297125
207,Banyuasin,30911,-2.434015,104.583599,78873,-1.88691,109.967179
208,Tapanuli Tengah,22611,1.815388,98.883182,25673,-1.301821,100.211183
209,Banyuasin,30911,-2.434015,104.583599,79365,0.319192,110.04717
210,Kutai Timur,75683,-1.816160,117.614852,78619,0.59733,111.58168
211,Kutai Timur,75683,-1.816160,117.614852,91371,-2.989799,119.345682
212,Tapanuli Tengah,22611,1.815388,98.883182,21161,2.971524,99.000226
213,Tapanuli Tengah,22611,1.815388,98.883182,26164,-0.254882,100.233707
214,Banyuasin,30911,-2.434015,104.583599,30111,-2.987319,104.736009
215,Banyuasin,30911,-2.434015,104.583599,33411,-2.741736,107.625053
216,Tapanuli Tengah,22611,1.815388,98.883182,26164,-0.254882,100.233707
217,Tapanuli Tengah,22611,1.815388,98.883182,28111,0.534482,101.447679
218,Tapanuli Tengah,22611,1.815388,98.883182,28411,0.291466,101.143107
219,Kutai Timur,75683,-1.816160,117.614852,90511,-5.055282,119.630989
220,Tapanuli Tengah,22611,1.815388,98.883182,22911,0.847732,99.250065
221,Banyuasin,30911,-2.434015,104.583599,37481,-2.329868,102.485574
222,Banggai Laut,94892,-1.675078,123.044016,94516,0.888926,120.764719
223,Tapanuli Tengah,22611,1.815388,98.883182,25111,-0.939989,100.35412
224,Tapanuli Tengah,22611,1.815388,98.883182,20111,3.595196,98.672222
225,Banyuasin,30911,-2.434015,104.583599,31311,-3.549068,103.85882
226,Tapanuli Tengah,22611,1.815388,98.883182,28111,0.534482,101.447679
227,Tapanuli Tengah,22611,1.815388,98.883182,27383,-0.792548,100.652947
228,Tapanuli Tengah,22611,1.815388,98.883182,24581,4.732755,96.901736
229,Kutai Timur,75683,-1.816160,117.614852,70117,-3.320299,114.591866
230,Banyuasin,30911,-2.434015,104.583599,29427,1.045626,104.030454
231,Banyuasin,30911,-2.434015,104.583599,33511,-2.909958,108.160792
232,Kutai Timur,75683,-1.816160,117.614852,91211,-3.742875,119.520969
233,Kutai Timur,75683,-1.816160,117.614852,92111,-5.370028,119.689257
234,Kutai Timur,75683,-1.816160,117.614852,75311,0.12296,117.471188
235,Tapanuli Tengah,22611,1.815388,98.883182,20111,3.595196,98.672222
236,Tapanuli Tengah,22611,1.815388,98.883182,21411,2.256043,100.043743
237,Banyuasin,30911,-2.434015,104.583599,36514,-1.292884,103.879452
238,Tapanuli Tengah,22611,1.815388,98.883182,20111,3.595196,98.672222
239,Banyuasin,30911,-2.434015,104.583599,30111,-2.987319,104.736009
240,Banggai Laut,94892,-1.675078,123.044016,93572,-4.068587,121.826181
241,Banyuasin,30911,-2.434015,104.583599,38711,-2.574339,101.161049
242,Banyuasin,30911,-2.434015,104.583599,35611,-5.351673,104.751878
243,Kutai Timur,75683,-1.816160,117.614852,74172,-2.600499,111.220706
244,Tapanuli Tengah,22611,1.815388,98.883182,24476,4.065084,97.967821
245,Kutai Timur,75683,-1.816160,117.614852,94111,-0.883391,119.481491
246,Banyuasin,30911,-2.434015,104.583599,29211,-0.170646,102.530555
247,Banyuasin,30911,-2.434015,104.583599,31311,-3.549068,103.85882
248,Tapanuli Tengah,22611,1.815388,98.883182,20111,3.595196,98.672222
249,Kutai Timur,75683,-1.816160,117.614852,77111,3.300009,117.61851
250,Kutai Timur,75683,-1.816160,117.614852,92981,-3.350617,120.347328
251,Banyuasin,30911,-2.434015,104.583599,36514,-1.25072,103.38945
252,Banyuasin,30911,-2.434015,104.583599,30655,-3.446607,104.488097
253,Tapanuli Tengah,22611,1.815388,98.883182,25511,-0.57461,100.148899
254,Tapanuli Tengah,22611,1.815388,98.883182,21211,2.766106,99.047137
255,Banyuasin,30911,-2.434015,104.583599,34194,-5.118196,105.708374
256,Tapanuli Tengah,22611,1.815388,98.883182,24184,5.224226,96.156036
257,Banyuasin,30911,-2.434015,104.583599,29427,1.045626,104.030454
258,Kutai Timur,75683,-1.816160,117.614852,92711,-4.826803,120.052518
259,Tapanuli Tengah,22611,1.815388,98.883182,24111,5.150908,95.980123
260,Banyuasin,30911,-2.434015,104.583599,31111,-3.43947,104.242479
261,Kutai Timur,75683,-1.816160,117.614852,92412,-5.516169,119.931403
262,Tapanuli Tengah,22611,1.815388,98.883182,24782,2.645205,97.973209
263,Banyuasin,30911,-2.434015,104.583599,32184,-3.60614,103.975773
264,Banyuasin,30911,-2.434015,104.583599,29427,1.045626,104.030454
265,Kutai Timur,75683,-1.816160,117.614852,77482,4.214028,117.690647
266,Tapanuli Tengah,22611,1.815388,98.883182,21411,2.256043,100.043743
267,Tapanuli Tengah,22611,1.815388,98.883182,22874,0.760118,97.702262
268,Tapanuli Tengah,22611,1.815388,98.883182,24382,5.506105,95.36854
269,Banggai Laut,94892,-1.675078,123.044016,93411,-4.166719,122.2521
270,Kutai Timur,75683,-1.816160,117.614852,75511,-0.214494,116.959885
271,Banyuasin,30911,-2.434015,104.583599,38612,-3.142545,101.173582
272,Tapanuli Tengah,22611,1.815388,98.883182,20511,3.480805,98.664792
273,Tapanuli Tengah,22611,1.815388,98.883182,24413,4.676605,97.90675
274,Banyuasin,30911,-2.434015,104.583599,29427,1.045626,104.030454
275,Banyuasin,30911,-2.434015,104.583599,37111,-2.062179,101.387452
276,Banyuasin,30911,-2.434015,104.583599,32274,-4.235329,103.530487
277,Banyuasin,30911,-2.434015,104.583599,31511,-3.730898,102.78492
278,Tapanuli Tengah,22611,1.815388,98.883182,20811,3.792181,98.385996
279,Kutai Timur,75683,-1.816160,117.614852,75511,-0.214494,116.959885
280,Banyuasin,30911,-2.434015,104.583599,30111,-2.987319,104.736009
281,Kutai Timur,75683,-1.816160,117.614852,92917,-2.382177,119.944564
282,Banyuasin,30911,-2.434015,104.583599,30711,-2.689627,104.380374
283,Banyuasin,30911,-2.434015,104.583599,31654,-2.372244,103.030468
284,Tapanuli Tengah,22611,1.815388,98.883182,22211,2.932329,98.132973
285,Kutai Timur,75683,-1.816160,117.614852,75111,-0.502106,117.153709
286,Kutai Timur,75683,-1.816160,117.614852,92711,-4.826803,120.052518
287,Tapanuli Tengah,22611,1.815388,98.883182,22411,2.06944,99.858572
288,Kutai Timur,75683,-1.816160,117.614852,91992,-2.811711,120.124027
289,Kutai Timur,75683,-1.816160,117.614852,91992,-2.811711,120.124027
290,Kutai Timur,75683,-1.816160,117.614852,76271,-1.701166,116.322919
291,Tapanuli Tengah,22611,1.815388,98.883182,25511,-0.57461,100.148899
292,Kutai Timur,75683,-1.816160,117.614852,91711,-3.573256,119.752596
293,Tapanuli Tengah,22611,1.815388,98.883182,21161,2.971524,99.000226
294,Banyuasin,30911,-2.434015,104.583599,36364,-1.602238,103.610513
295,Banyuasin,30911,-2.434015,104.583599,32184,-3.60614,103.975773
296,Kutai Timur,75683,-1.816160,117.614852,92981,-3.350617,120.347328
297,Banyuasin,30911,-2.434015,104.583599,34111,-5.113594,105.305088
298,Tapanuli Tengah,22611,1.815388,98.883182,26257,-0.059909,100.634706
299,Kutai Timur,75683,-1.816160,117.614852,90511,-5.055282,119.630989
300,Banggai Laut,94892,-1.675078,123.044016,95781,0.94251,125.268593
301,Banyuasin,30911,-2.434015,104.583599,31214,-4.031489,103.097979
302,Tapanuli Tengah,22611,1.815388,98.883182,26311,0.148999,99.654716
303,Banyuasin,30911,-2.434015,104.583599,30655,-3.446607,104.488097
304,Tapanuli Tengah,22611,1.815388,98.883182,20111,3.595196,98.672222
305,Banyuasin,30911,-2.434015,104.583599,35611,-5.351673,104.751878
306,Banyuasin,30911,-2.434015,104.583599,30111,-2.987319,104.736009
307,Banyuasin,30911,-2.434015,104.583599,36128,-1.610122,103.613122
308,Banyuasin,30911,-2.434015,104.583599,31214,-4.031489,103.097979
309,Banyuasin,30911,-2.434015,104.583599,35376,-5.364748,104.972015
310,Banyuasin,30911,-2.434015,104.583599,36128,-1.610122,103.613122
311,Kutai Timur,75683,-1.816160,117.614852,94362,0.325773,119.645813
312,Banggai Laut,94892,-1.675078,123.044016,95711,0.73363,124.710273
313,Banyuasin,30911,-2.434015,104.583599,35111,-5.427139,105.257972
314,Tapanuli Tengah,22611,1.815388,98.883182,22611,1.815388,98.883182
315,Tapanuli Tengah,22611,1.815388,98.883182,28411,0.291466,101.143107
316,Tapanuli Tengah,22611,1.815388,98.883182,20511,3.480805,98.664792
317,Kutai Timur,75683,-1.816160,117.614852,92211,-5.354139,119.534573
318,Tapanuli Tengah,22611,1.815388,98.883182,21255,3.287994,99.507255
319,Banyuasin,30911,-2.434015,104.583599,30711,-2.689627,104.380374
320,Banyuasin,30911,-2.434015,104.583599,79465,1.403274,109.325107
321,Banyuasin,30911,-2.434015,104.583599,31311,-3.549068,103.85882
322,Kutai Timur,75683,-1.816160,117.614852,91992,-2.811711,120.124027
323,Banyuasin,30911,-2.434015,104.583599,30911,-2.434015,104.583599
324,Kutai Timur,75683,-1.816160,117.614852,72163,-3.267211,116.225153
325,Banyuasin,30911,-2.434015,104.583599,30911,-2.434015,104.583599
326,Kutai Timur,75683,-1.816160,117.614852,90911,-3.783826,120.104919
327,Kutai Timur,75683,-1.816160,117.614852,92711,-4.826803,120.052518
328,Banggai Laut,94892,-1.675078,123.044016,93411,-4.166719,122.2521
329,Banggai Laut,94892,-1.675078,123.044016,93671,-4.997515,122.60566
330,Kutai Timur,75683,-1.816160,117.614852,75765,0.562174,115.689548
331,Tapanuli Tengah,22611,1.815388,98.883182,28763,0.759398,101.923919
332,Tapanuli Tengah,22611,1.815388,98.883182,27211,-0.453214,100.531948
333,Banyuasin,30911,-2.434015,104.583599,31511,-3.730898,102.78492
334,Tapanuli Tengah,22611,1.815388,98.883182,22727,1.369063,99.273018
335,Banyuasin,30911,-2.434015,104.583599,30655,-3.446607,104.488097
336,Tapanuli Tengah,22611,1.815388,98.883182,28811,1.678102,101.449121
337,Banyuasin,30911,-2.434015,104.583599,31511,-3.730898,102.78492
338,Banyuasin,30911,-2.434015,104.583599,78384,0.122803,109.609764
339,Banyuasin,30911,-2.434015,104.583599,35111,-5.427139,105.257972
340,Kutai Timur,75683,-1.816160,117.614852,91853,-2.958132,119.935797
341,Banyuasin,30911,-2.434015,104.583599,34764,-4.112872,104.488548
342,Kutai Timur,75683,-1.816160,117.614852,91853,-2.958132,119.935797
343,Tapanuli Tengah,22611,1.815388,98.883182,20111,3.595196,98.672222
344,Tapanuli Tengah,22611,1.815388,98.883182,28111,0.534482,101.447679
345,Kutai Timur,75683,-1.816160,117.614852,78611,0.06395,111.492913
346,Banyuasin,30911,-2.434015,104.583599,28383,0.160037,102.258579
347,Banyuasin,30911,-2.434015,104.583599,37311,-2.34895,102.126105
348,Banyuasin,30911,-2.434015,104.583599,34194,-5.118196,105.708374
349,Kutai Timur,75683,-1.816160,117.614852,73112,-2.204763,113.924411
350,Banggai Laut,94892,-1.675078,123.044016,96254,0.890577,122.831301
351,Kutai Timur,75683,-1.816160,117.614852,91211,-3.742875,119.520969
352,Banggai Laut,94892,-1.675078,123.044016,94681,-1.229568,121.456883
353,Tapanuli Tengah,22611,1.815388,98.883182,22756,1.6203,99.492513
354,Kutai Timur,75683,-1.816160,117.614852,73761,-2.981434,114.570154
355,Kutai Timur,75683,-1.816160,117.614852,73761,-2.981434,114.570154
356,Banyuasin,30911,-2.434015,104.583599,79365,0.319192,110.04717
357,Banyuasin,30911,-2.434015,104.583599,78384,0.122803,109.609764
358,Tapanuli Tengah,22611,1.815388,98.883182,22111,3.028802,98.277303
359,Banyuasin,30911,-2.434015,104.583599,78557,0.13477,110.592349
360,Kutai Timur,75683,-1.816160,117.614852,78716,0.918956,112.926506
361,Tapanuli Tengah,22611,1.815388,98.883182,25673,-1.301821,100.211183
362,Banyuasin,30911,-2.434015,104.583599,36611,-1.338478,103.649899
363,Banggai Laut,94892,-1.675078,123.044016,93791,-5.348188,123.605246
364,Banyuasin,30911,-2.434015,104.583599,78873,-1.88691,109.967179
365,Tapanuli Tengah,22611,1.815388,98.883182,28557,0.881609,100.655658
366,Banyuasin,30911,-2.434015,104.583599,31654,-2.372244,103.030468
367,Tapanuli Tengah,22611,1.815388,98.883182,23242,5.54829,95.323755
368,Kutai Timur,75683,-1.816160,117.614852,74361,-2.04596,112.297125
369,Banyuasin,30911,-2.434015,104.583599,35111,-5.427139,105.257972
370,Banyuasin,30911,-2.434015,104.583599,35592,-5.51985,104.939981
371,Tapanuli Tengah,22611,1.815388,98.883182,20511,3.480805,98.664792
372,Kutai Timur,75683,-1.816160,117.614852,75311,0.12296,117.471188
373,Kutai Timur,75683,-1.816160,117.614852,73712,-1.967769,114.810215
374,Tapanuli Tengah,22611,1.815388,98.883182,20111,3.595196,98.672222
375,Tapanuli Tengah,22611,1.815388,98.883182,20511,3.480805,98.664792
376,Tapanuli Tengah,22611,1.815388,98.883182,20111,3.595196,98.672222
377,Kutai Timur,75683,-1.816160,117.614852,90111,-5.147665,119.432731
378,Banyuasin,30911,-2.434015,104.583599,29211,-0.170646,102.530555
379,Kutai Timur,75683,-1.816160,117.614852,92711,-4.826803,120.052518
380,Tapanuli Tengah,22611,1.815388,98.883182,21255,3.287994,99.507255
381,Kutai Timur,75683,-1.816160,117.614852,92211,-5.354139,119.534573
382,Banyuasin,30911,-2.434015,104.583599,78243,-0.099983,109.330533
383,Kutai Timur,75683,-1.816160,117.614852,92111,-5.370028,119.689257
384,Banyuasin,30911,-2.434015,104.583599,33214,-2.741174,106.440587
385,Banyuasin,30911,-2.434015,104.583599,31111,-3.43947,104.242479
386,Tapanuli Tengah,22611,1.815388,98.883182,24311,4.981445,97.438202
387,Banyuasin,30911,-2.434015,104.583599,33214,-2.741174,106.440587
388,Tapanuli Tengah,22611,1.815388,98.883182,25511,-0.57461,100.148899
389,Banggai Laut,94892,-1.675078,123.044016,96112,0.54854,123.070209
390,Tapanuli Tengah,22611,1.815388,98.883182,21411,2.256043,100.043743
391,Banyuasin,30911,-2.434015,104.583599,38118,-3.800649,102.256173
392,Tapanuli Tengah,22611,1.815388,98.883182,20111,3.595196,98.672222
393,Banyuasin,30911,-2.434015,104.583599,33783,-3.084776,106.109833
394,Kutai Timur,75683,-1.816160,117.614852,92711,-4.826803,120.052518
395,Tapanuli Tengah,22611,1.815388,98.883182,21161,2.971524,99.000226
396,Tapanuli Tengah,22611,1.815388,98.883182,24476,4.065084,97.967821
397,Kutai Timur,75683,-1.816160,117.614852,70611,-3.47219,114.8638
398,Banyuasin,30911,-2.434015,104.583599,34511,-4.975167,105.25509
399,Kutai Timur,75683,-1.816160,117.614852,77211,2.890445,117.986957
400,Banyuasin,30911,-2.434015,104.583599,31311,-3.549068,103.85882
401,Tapanuli Tengah,22611,1.815388,98.883182,23671,4.155772,96.504502
402,Banyuasin,30911,-2.434015,104.583599,31654,-2.372244,103.030468
403,Kutai Timur,75683,-1.816160,117.614852,75511,-0.214494,116.959885
404,Banyuasin,30911,-2.434015,104.583599,29427,1.045626,104.030454
405,Tapanuli Tengah,22611,1.815388,98.883182,21255,3.287994,99.507255
406,Tapanuli Tengah,22611,1.815388,98.883182,24651,3.263524,97.792933
407,Banyuasin,30911,-2.434015,104.583599,29662,0.903537,103.401594
408,Tapanuli Tengah,22611,1.815388,98.883182,22811,1.277031,97.635925
409,Kutai Timur,75683,-1.816160,117.614852,76111,-1.267638,116.827905
410,Tapanuli Tengah,22611,1.815388,98.883182,26164,-0.254882,100.233707
411,Banyuasin,30911,-2.434015,104.583599,30711,-2.689627,104.380374
412,Tapanuli Tengah,22611,1.815388,98.883182,28557,0.881609,100.655658
413,Kutai Timur,75683,-1.816160,117.614852,74361,-2.04596,112.297125
414,Banyuasin,30911,-2.434015,104.583599,34611,-4.522042,105.205173
415,Banyuasin,30911,-2.434015,104.583599,34157,-4.884785,105.198391
416,Banyuasin,30911,-2.434015,104.583599,37571,-1.578579,102.349139
417,Tapanuli Tengah,22611,1.815388,98.883182,20995,3.432974,99.112736
418,Banyuasin,30911,-2.434015,104.583599,36364,-1.602238,103.610513
419,Kutai Timur,75683,-1.816160,117.614852,73112,-2.204763,113.924411
420,Banyuasin,30911,-2.434015,104.583599,37211,-1.346301,101.842768
421,Banyuasin,30911,-2.434015,104.583599,37481,-2.329868,102.485574
422,Banyuasin,30911,-2.434015,104.583599,33511,-2.909958,108.160792
423,Tapanuli Tengah,22611,1.815388,98.883182,20111,3.595196,98.672222
424,Tapanuli Tengah,22611,1.815388,98.883182,22711,1.454282,99.246087
425,Kutai Timur,75683,-1.816160,117.614852,75111,-0.502106,117.153709
426,Banyuasin,30911,-2.434015,104.583599,78384,0.122803,109.609764
427,Tapanuli Tengah,22611,1.815388,98.883182,22742,-1.7854,99.100706
428,Tapanuli Tengah,22611,1.815388,98.883182,24786,2.494228,97.917348
429,Banyuasin,30911,-2.434015,104.583599,78873,-1.88691,109.967179
430,Tapanuli Tengah,22611,1.815388,98.883182,20811,3.792181,98.385996
431,Kutai Timur,75683,-1.816160,117.614852,71513,-1.747828,115.915417
432,Kutai Timur,75683,-1.816160,117.614852,71153,-2.91643,115.035774
433,Tapanuli Tengah,22611,1.815388,98.883182,26311,0.148999,99.654716
434,Banyuasin,30911,-2.434015,104.583599,27678,-1.179729,101.341942
435,Banyuasin,30911,-2.434015,104.583599,79465,1.403274,109.325107
436,Kutai Timur,75683,-1.816160,117.614852,75765,0.876392,115.360651
437,Tapanuli Tengah,22611,1.815388,98.883182,22411,2.06944,99.858572
438,Tapanuli Tengah,22611,1.815388,98.883182,22411,2.06944,99.858572
439,Tapanuli Tengah,22611,1.815388,98.883182,28111,0.534482,101.447679
440,Banggai Laut,94892,-1.675078,123.044016,95953,1.070894,124.813615
441,Kutai Timur,75683,-1.816160,117.614852,92711,-4.826803,120.052518
442,Tapanuli Tengah,22611,1.815388,98.883182,24311,4.981445,97.438202
443,Banggai Laut,94892,-1.675078,123.044016,93611,-4.897745,122.600079
444,Tapanuli Tengah,22611,1.815388,98.883182,20711,3.601034,98.485377
445,Banyuasin,30911,-2.434015,104.583599,78391,0.906239,109.188004
446,Tapanuli Tengah,22611,1.815388,98.883182,24476,4.065084,97.967821
447,Banggai Laut,94892,-1.675078,123.044016,93881,-5.507226,122.786954
448,Tapanuli Tengah,22611,1.815388,98.883182,28557,0.881609,100.655658
449,Kutai Timur,75683,-1.816160,117.614852,72211,-3.448552,115.61463
450,Tapanuli Tengah,22611,1.815388,98.883182,27411,-0.687642,100.783294
451,Tapanuli Tengah,22611,1.815388,98.883182,20111,3.595196,98.672222
452,Tapanuli Tengah,22611,1.815388,98.883182,22876,1.039533,97.529608
453,Tapanuli Tengah,22611,1.815388,98.883182,22742,-1.7854,99.100706
454,Kutai Timur,75683,-1.816160,117.614852,75511,-0.214494,116.959885
455,Tapanuli Tengah,22611,1.815388,98.883182,23654,-3.6872,97.282356
456,Banyuasin,30911,-2.434015,104.583599,32184,-3.60614,103.975773
457,Kutai Timur,75683,-1.816160,117.614852,91511,-2.548926,118.909548
458,Tapanuli Tengah,22611,1.815388,98.883182,24413,4.676605,97.90675
459,Tapanuli Tengah,22611,1.815388,98.883182,25511,-0.57461,100.148899
460,Tapanuli Tengah,22611,1.815388,98.883182,28411,0.291466,101.143107
461,Banyuasin,30911,-2.434015,104.583599,79465,1.403274,109.325107
462,Tapanuli Tengah,22611,1.815388,98.883182,26566,-0.356482,99.872362
463,Kutai Timur,75683,-1.816160,117.614852,92711,-4.826803,120.052518
464,Banyuasin,30911,-2.434015,104.583599,79211,1.013747,109.618018
465,Kutai Timur,75683,-1.816160,117.614852,92311,-5.582748,119.641924
466,Kutai Timur,75683,-1.816160,117.614852,77311,2.652081,117.442193
467,Banyuasin,30911,-2.434015,104.583599,29319,0.862682,102.731788
468,Kutai Timur,75683,-1.816160,117.614852,75111,-0.502106,117.153709
469,Banyuasin,30911,-2.434015,104.583599,29111,1.138098,104.429359
470,Tapanuli Tengah,22611,1.815388,98.883182,21161,2.971524,99.000226
471,Banyuasin,30911,-2.434015,104.583599,34157,-4.884785,105.198391
472,Kutai Timur,75683,-1.816160,117.614852,72163,-3.267211,116.225153
473,Kutai Timur,75683,-1.816160,117.614852,92111,-5.370028,119.689257
474,Tapanuli Tengah,22611,1.815388,98.883182,20111,3.595196,98.672222
475,Tapanuli Tengah,22611,1.815388,98.883182,21161,2.971524,99.000226
476,Tapanuli Tengah,22611,1.815388,98.883182,24261,5.16914,96.789803
477,Banggai Laut,94892,-1.675078,123.044016,96362,0.648322,122.494283
478,Banyuasin,30911,-2.434015,104.583599,32184,-3.60614,103.975773
479,Banyuasin,30911,-2.434015,104.583599,30111,-2.987319,104.736009
480,Banggai Laut,94892,-1.675078,123.044016,93611,-4.897745,122.600079
481,Tapanuli Tengah,22611,1.815388,98.883182,25511,-0.57461,100.148899
482,Kutai Timur,75683,-1.816160,117.614852,92711,-4.826803,120.052518
483,Banyuasin,30911,-2.434015,104.583599,35111,-5.427139,105.257972
484,Banyuasin,30911,-2.434015,104.583599,29427,1.045626,104.030454
485,Banyuasin,30911,-2.434015,104.583599,29427,1.045626,104.030454
486,Banyuasin,30911,-2.434015,104.583599,29427,1.045626,104.030454
487,Kutai Timur,75683,-1.816160,117.614852,91311,-3.281948,119.336006
488,Tapanuli Tengah,22611,1.815388,98.883182,20111,3.595196,98.672222
489,Tapanuli Tengah,22611,1.815388,98.883182,20511,3.480805,98.664792
490,Banyuasin,30911,-2.434015,104.583599,78384,0.122803,109.609764
491,Banyuasin,30911,-2.434015,104.583599,78243,-0.099983,109.330533
492,Kutai Timur,75683,-1.816160,117.614852,90711,-4.231866,119.672071
493,Banggai Laut,94892,-1.675078,123.044016,96266,0.739309,121.991675
494,Tapanuli Tengah,22611,1.815388,98.883182,24311,4.981445,97.438202
495,Banyuasin,30911,-2.434015,104.583599,38956,-4.280434,103.446144
496,Banyuasin,30911,-2.434015,104.583599,79365,0.319192,110.04717
497,Tapanuli Tengah,22611,1.815388,98.883182,20111,3.595196,98.672222
498,Banggai Laut,94892,-1.675078,123.044016,95411,1.327994,124.836267
499,Banyuasin,30911,-2.434015,104.583599,36514,-1.292884,103.879452
500,Banyuasin,30911,-2.434015,104.583599,28383,0.160037,102.258579
501,Banyuasin,30911,-2.434015,104.583599,34157,-4.884785,105.198391
502,Banyuasin,30911,-2.434015,104.583599,33123,-2.129178,106.109733
503,Tapanuli Tengah,22611,1.815388,98.883182,28111,0.534482,101.447679
504,Tapanuli Tengah,22611,1.815388,98.883182,28911,1.950618,100.825648
505,Tapanuli Tengah,22611,1.815388,98.883182,26164,-0.254882,100.233707
506,Banyuasin,30911,-2.434015,104.583599,79465,1.403274,109.325107
507,Banyuasin,30911,-2.434015,104.583599,30911,-2.434015,104.583599
508,Banyuasin,30911,-2.434015,104.583599,39115,-3.385216,102.759482
509,Kutai Timur,75683,-1.816160,117.614852,77482,4.214028,117.690647
510,Tapanuli Tengah,22611,1.815388,98.883182,26164,-0.254882,100.233707
511,Kutai Timur,75683,-1.816160,117.614852,74361,-2.04596,112.297125
512,Tapanuli Tengah,22611,1.815388,98.883182,22742,-1.7854,99.100706
513,Banyuasin,30911,-2.434015,104.583599,29427,1.045626,104.030454
514,Kutai Timur,75683,-1.816160,117.614852,91211,-3.742875,119.520969
515,Kutai Timur,75683,-1.816160,117.614852,94561,0.53997,119.710356
516,Banyuasin,30911,-2.434015,104.583599,30111,-2.987319,104.736009
517,Tapanuli Tengah,22611,1.815388,98.883182,28711,1.488894,102.264307
518,Tapanuli Tengah,22611,1.815388,98.883182,21211,2.766106,99.047137
519,Kutai Timur,75683,-1.816160,117.614852,70815,-3.850749,116.270774
520,Kutai Timur,75683,-1.816160,117.614852,74363,-1.720654,111.361152
521,Kutai Timur,75683,-1.816160,117.614852,74361,-2.04596,112.297125
522,Tapanuli Tengah,22611,1.815388,98.883182,23711,3.311304,97.222096
523,Tapanuli Tengah,22611,1.815388,98.883182,28411,0.291466,101.143107
524,Kutai Timur,75683,-1.816160,117.614852,75765,0.562174,115.689548
525,Kutai Timur,75683,-1.816160,117.614852,92711,-4.826803,120.052518
526,Banyuasin,30911,-2.434015,104.583599,79111,0.90931,108.984931
527,Banggai Laut,94892,-1.675078,123.044016,95378,1.480495,124.92493
528,Tapanuli Tengah,22611,1.815388,98.883182,24511,4.634051,96.916392
529,Banyuasin,30911,-2.434015,104.583599,30711,-2.689627,104.380374
530,Banyuasin,30911,-2.434015,104.583599,38956,-4.280434,103.446144
531,Tapanuli Tengah,22611,1.815388,98.883182,24184,5.224226,96.156036
532,Kutai Timur,75683,-1.816160,117.614852,91211,-3.742875,119.520969
533,Tapanuli Tengah,22611,1.815388,98.883182,24511,4.634051,96.916392
534,Banggai Laut,94892,-1.675078,123.044016,94516,0.888926,120.764719
535,Banggai Laut,94892,-1.675078,123.044016,95996,1.324793,124.97396
536,Banggai Laut,94892,-1.675078,123.044016,95411,1.327994,124.836267
537,Banyuasin,30911,-2.434015,104.583599,30655,-3.446607,104.488097
538,Kutai Timur,75683,-1.816160,117.614852,75683,-1.81616,117.614852
539,Banyuasin,30911,-2.434015,104.583599,29427,1.045626,104.030454
540,Banyuasin,30911,-2.434015,104.583599,29319,0.862682,102.731788
541,Kutai Timur,75683,-1.816160,117.614852,92311,-5.582748,119.641924
542,Tapanuli Tengah,22611,1.815388,98.883182,24111,5.150908,95.980123
543,Kutai Timur,75683,-1.816160,117.614852,92711,-4.826803,120.052518
544,Banyuasin,30911,-2.434015,104.583599,30611,-3.446469,104.618896
545,Banyuasin,30911,-2.434015,104.583599,79365,0.319192,110.04717
546,Tapanuli Tengah,22611,1.815388,98.883182,24511,4.634051,96.916392
547,Tapanuli Tengah,22611,1.815388,98.883182,20511,3.480805,98.664792
548,Banyuasin,30911,-2.434015,104.583599,29427,1.045626,104.030454
549,Banyuasin,30911,-2.434015,104.583599,34511,-4.975167,105.25509
550,Tapanuli Tengah,22611,1.815388,98.883182,22727,1.369063,99.273018
551,Tapanuli Tengah,22611,1.815388,98.883182,22911,0.847732,99.250065
552,Kutai Timur,75683,-1.816160,117.614852,75111,-0.502106,117.153709
553,Kutai Timur,75683,-1.816160,117.614852,91911,-2.978439,120.091282
554,Banyuasin,30911,-2.434015,104.583599,37211,-1.346301,101.842768
555,Tapanuli Tengah,22611,1.815388,98.883182,24782,2.645205,97.973209
556,Banyuasin,30911,-2.434015,104.583599,35592,-5.51985,104.939981
557,Tapanuli Tengah,22611,1.815388,98.883182,26257,-0.059909,100.634706
558,Tapanuli Tengah,22611,1.815388,98.883182,21161,2.971524,99.000226
559,Banyuasin,30911,-2.434015,104.583599,36514,-1.25072,103.38945
560,Tapanuli Tengah,22611,1.815388,98.883182,23711,3.311304,97.222096
561,Kutai Timur,75683,-1.816160,117.614852,70611,-3.47219,114.8638
562,Kutai Timur,75683,-1.816160,117.614852,74161,-2.271321,111.258358
563,Kutai Timur,75683,-1.816160,117.614852,92511,-5.425673,120.203804
564,Tapanuli Tengah,22611,1.815388,98.883182,28763,0.759398,101.923919
565,Banyuasin,30911,-2.434015,104.583599,34511,-4.975167,105.25509
566,Kutai Timur,75683,-1.816160,117.614852,91361,-1.502777,119.655733
567,Banyuasin,30911,-2.434015,104.583599,34194,-5.118196,105.708374
568,Banyuasin,30911,-2.434015,104.583599,78873,-1.88691,109.967179
569,Kutai Timur,75683,-1.816160,117.614852,91711,-3.573256,119.752596
570,Kutai Timur,75683,-1.816160,117.614852,94561,0.53997,119.710356
571,Banyuasin,30911,-2.434015,104.583599,30711,-2.689627,104.380374
572,Kutai Timur,75683,-1.816160,117.614852,92981,-3.350617,120.347328
573,Banyuasin,30911,-2.434015,104.583599,36364,-1.602238,103.610513
574,Kutai Timur,75683,-1.816160,117.614852,92917,-2.382177,119.944564
575,Tapanuli Tengah,22611,1.815388,98.883182,24311,4.981445,97.438202
576,Banyuasin,30911,-2.434015,104.583599,35111,-5.427139,105.257972
577,Tapanuli Tengah,22611,1.815388,98.883182,20511,3.480805,98.664792
578,Tapanuli Tengah,22611,1.815388,98.883182,21311,2.961995,99.800549
579,Banyuasin,30911,-2.434015,104.583599,33783,-3.084776,106.109833
580,Tapanuli Tengah,22611,1.815388,98.883182,20511,3.480805,98.664792
581,Banggai Laut,94892,-1.675078,123.044016,93111,-3.995386,122.515081
582,Banyuasin,30911,-2.434015,104.583599,37481,-2.329868,102.485574
583,Banggai Laut,94892,-1.675078,123.044016,96112,0.54854,123.070209
584,Banyuasin,30911,-2.434015,104.583599,37162,-2.04188,101.986481
585,Banggai Laut,94892,-1.675078,123.044016,95953,1.070894,124.813615
586,Kutai Timur,75683,-1.816160,117.614852,90111,-5.147665,119.432731
587,Tapanuli Tengah,22611,1.815388,98.883182,21211,2.766106,99.047137
588,Banyuasin,30911,-2.434015,104.583599,35367,-5.487725,105.119718
589,Kutai Timur,75683,-1.816160,117.614852,78611,0.06395,111.492913
590,Banyuasin,30911,-2.434015,104.583599,79465,1.403274,109.325107
591,Tapanuli Tengah,22611,1.815388,98.883182,24653,3.986971,97.317543
592,Kutai Timur,75683,-1.816160,117.614852,75683,-1.81616,117.614852
593,Kutai Timur,75683,-1.816160,117.614852,75111,-0.502106,117.153709
594,Tapanuli Tengah,22611,1.815388,98.883182,26311,0.148999,99.654716
595,Banyuasin,30911,-2.434015,104.583599,29319,0.862682,102.731788
596,Banyuasin,30911,-2.434015,104.583599,34194,-5.118196,105.708374
597,Banyuasin,30911,-2.434015,104.583599,36364,-1.602238,103.610513
598,Tapanuli Tengah,22611,1.815388,98.883182,22742,-1.7854,99.100706
599,Banggai Laut,94892,-1.675078,123.044016,93111,-3.995386,122.515081
600,Banyuasin,30911,-2.434015,104.583599,29211,-0.170646,102.530555
601,Banyuasin,30911,-2.434015,104.583599,30111,-2.987319,104.736009
602,Banyuasin,30911,-2.434015,104.583599,79211,1.013747,109.618018
603,Banyuasin,30911,-2.434015,104.583599,35111,-5.427139,105.257972
604,Kutai Timur,75683,-1.816160,117.614852,90111,-5.147665,119.432731
605,Banyuasin,30911,-2.434015,104.583599,37311,-2.34895,102.126105
606,Banyuasin,30911,-2.434015,104.583599,34684,-4.003371,105.39169
607,Kutai Timur,75683,-1.816160,117.614852,71419,-2.286212,115.213917
608,Kutai Timur,75683,-1.816160,117.614852,90911,-3.783826,120.104919
609,Tapanuli Tengah,22611,1.815388,98.883182,26311,0.148999,99.654716
610,Kutai Timur,75683,-1.816160,117.614852,92111,-5.370028,119.689257
611,Banyuasin,30911,-2.434015,104.583599,35611,-5.351673,104.751878
612,Tapanuli Tengah,22611,1.815388,98.883182,24111,5.150908,95.980123
613,Banyuasin,30911,-2.434015,104.583599,37311,-2.34895,102.126105
614,Tapanuli Tengah,22611,1.815388,98.883182,21211,2.766106,99.047137
615,Banyuasin,30911,-2.434015,104.583599,30611,-3.446469,104.618896
616,Banyuasin,30911,-2.434015,104.583599,34194,-5.118196,105.708374
617,Banyuasin,30911,-2.434015,104.583599,32274,-4.235329,103.530487
618,Kutai Timur,75683,-1.816160,117.614852,90611,-4.836786,119.551274
619,Banyuasin,30911,-2.434015,104.583599,31654,-2.372244,103.030468
620,Kutai Timur,75683,-1.816160,117.614852,90911,-3.783826,120.104919
621,Tapanuli Tengah,22611,1.815388,98.883182,28411,0.291466,101.143107
622,Banyuasin,30911,-2.434015,104.583599,30111,-2.987319,104.736009
623,Tapanuli Tengah,22611,1.815388,98.883182,23711,3.311304,97.222096
624,Banyuasin,30911,-2.434015,104.583599,30711,-2.689627,104.380374
625,Kutai Timur,75683,-1.816160,117.614852,73761,-2.981434,114.570154
626,Kutai Timur,75683,-1.816160,117.614852,70611,-3.47219,114.8638
627,Banyuasin,30911,-2.434015,104.583599,35111,-5.427139,105.257972
628,Banyuasin,30911,-2.434015,104.583599,37481,-2.329868,102.485574
629,Banyuasin,30911,-2.434015,104.583599,79465,1.403274,109.325107
630,Kutai Timur,75683,-1.816160,117.614852,92511,-5.425673,120.203804
631,Tapanuli Tengah,22611,1.815388,98.883182,28111,0.534482,101.447679
632,Banyuasin,30911,-2.434015,104.583599,30111,-2.987319,104.736009
633,Tapanuli Tengah,22611,1.815388,98.883182,25111,-0.939989,100.35412
634,Kutai Timur,75683,-1.816160,117.614852,75111,-0.502106,117.153709
635,Tapanuli Tengah,22611,1.815388,98.883182,20511,3.480805,98.664792
636,Banyuasin,30911,-2.434015,104.583599,34157,-4.884785,105.198391
637,Tapanuli Tengah,22611,1.815388,98.883182,27211,-0.453214,100.531948
638,Kutai Timur,75683,-1.816160,117.614852,92412,-5.516169,119.931403
639,Kutai Timur,75683,-1.816160,117.614852,92711,-4.826803,120.052518
640,Tapanuli Tengah,22611,1.815388,98.883182,20111,3.595196,98.672222
641,Tapanuli Tengah,22611,1.815388,98.883182,28411,0.291466,101.143107
642,Kutai Timur,75683,-1.816160,117.614852,91361,-1.502777,119.655733
643,Banggai Laut,94892,-1.675078,123.044016,93771,-4.133168,122.518497
644,Tapanuli Tengah,22611,1.815388,98.883182,20111,3.595196,98.672222
645,Banyuasin,30911,-2.434015,104.583599,36128,-1.610122,103.613122
646,Kutai Timur,75683,-1.816160,117.614852,90111,-5.147665,119.432731
647,Tapanuli Tengah,22611,1.815388,98.883182,24261,5.16914,96.789803
648,Banggai Laut,94892,-1.675078,123.044016,94611,-1.39572,120.756019
649,Banyuasin,30911,-2.434015,104.583599,79513,0.004029,110.939268
650,Tapanuli Tengah,22611,1.815388,98.883182,26164,-0.254882,100.233707
651,Banyuasin,30911,-2.434015,104.583599,29875,0.03634,104.6591
652,Kutai Timur,75683,-1.816160,117.614852,91311,-3.281948,119.336006
653,Kutai Timur,75683,-1.816160,117.614852,90111,-5.147665,119.432731
654,Banyuasin,30911,-2.434015,104.583599,79111,0.90931,108.984931
655,Banyuasin,30911,-2.434015,104.583599,31411,-3.798075,103.516954
656,Tapanuli Tengah,22611,1.815388,98.883182,21411,2.256043,100.043743
657,Tapanuli Tengah,22611,1.815388,98.883182,28711,1.488894,102.264307
658,Kutai Timur,75683,-1.816160,117.614852,70611,-3.47219,114.8638
659,Banyuasin,30911,-2.434015,104.583599,35376,-5.364748,104.972015
660,Kutai Timur,75683,-1.816160,117.614852,74261,-2.552164,112.581647
661,Tapanuli Tengah,22611,1.815388,98.883182,21161,2.971524,99.000226
662,Kutai Timur,75683,-1.816160,117.614852,77311,2.652081,117.442193
663,Banyuasin,30911,-2.434015,104.583599,35367,-5.487725,105.119718
664,Banggai Laut,94892,-1.675078,123.044016,95378,1.480495,124.92493
665,Tapanuli Tengah,22611,1.815388,98.883182,20111,3.595196,98.672222
666,Kutai Timur,75683,-1.816160,117.614852,91992,-2.811711,120.124027
667,Tapanuli Tengah,22611,1.815388,98.883182,20111,3.595196,98.672222
668,Tapanuli Tengah,22611,1.815388,98.883182,24382,5.506105,95.36854
669,Kutai Timur,75683,-1.816160,117.614852,71419,-2.286212,115.213917
670,Kutai Timur,75683,-1.816160,117.614852,92981,-3.350617,120.347328
671,Banyuasin,30911,-2.434015,104.583599,79465,1.403274,109.325107
672,Tapanuli Tengah,22611,1.815388,98.883182,24184,5.224226,96.156036
673,Banyuasin,30911,-2.434015,104.583599,36128,-1.610122,103.613122
674,Banggai Laut,94892,-1.675078,123.044016,94974,-2.484031,121.911621
675,Banyuasin,30911,-2.434015,104.583599,36514,-1.292884,103.879452
676,Tapanuli Tengah,22611,1.815388,98.883182,22211,2.932329,98.132973
677,Tapanuli Tengah,22611,1.815388,98.883182,26115,-0.303001,100.369957
678,Kutai Timur,75683,-1.816160,117.614852,73761,-2.981434,114.570154
679,Banyuasin,30911,-2.434015,104.583599,38571,-4.222318,103.012315
680,Kutai Timur,75683,-1.816160,117.614852,92711,-4.826803,120.052518
681,Kutai Timur,75683,-1.816160,117.614852,92511,-5.425673,120.203804
682,Kutai Timur,75683,-1.816160,117.614852,75683,-1.81616,117.614852
683,Tapanuli Tengah,22611,1.815388,98.883182,21255,3.287994,99.507255
684,Kutai Timur,75683,-1.816160,117.614852,91611,-3.894785,119.926524
685,Banyuasin,30911,-2.434015,104.583599,36514,-1.292884,103.879452
686,Kutai Timur,75683,-1.816160,117.614852,75111,-0.502106,117.153709
687,Tapanuli Tengah,22611,1.815388,98.883182,28711,1.488894,102.264307
688,Tapanuli Tengah,22611,1.815388,98.883182,26566,-0.356482,99.872362
689,Banyuasin,30911,-2.434015,104.583599,30711,-2.689627,104.380374
690,Banyuasin,30911,-2.434015,104.583599,35111,-5.427139,105.257972
691,Tapanuli Tengah,22611,1.815388,98.883182,20111,3.595196,98.672222
692,Banyuasin,30911,-2.434015,104.583599,31611,-3.284603,102.855535
693,Kutai Timur,75683,-1.816160,117.614852,73761,-2.981434,114.570154
694,Tapanuli Tengah,22611,1.815388,98.883182,20811,3.792181,98.385996
695,Tapanuli Tengah,22611,1.815388,98.883182,28911,1.950618,100.825648
696,Kutai Timur,75683,-1.816160,117.614852,73513,-3.196033,114.390253
697,Tapanuli Tengah,22611,1.815388,98.883182,28111,0.534482,101.447679
698,Banyuasin,30911,-2.434015,104.583599,35611,-5.351673,104.751878
699,Banyuasin,30911,-2.434015,104.583599,27678,-1.179729,101.341942
700,Banyuasin,30911,-2.434015,104.583599,34684,-4.003371,105.39169
701,Kutai Timur,75683,-1.816160,117.614852,76111,-1.267638,116.827905
702,Banyuasin,30911,-2.434015,104.583599,31411,-3.798075,103.516954
703,Banyuasin,30911,-2.434015,104.583599,29427,1.045626,104.030454
704,Tapanuli Tengah,22611,1.815388,98.883182,28111,0.534482,101.447679
705,Tapanuli Tengah,22611,1.815388,98.883182,24786,2.494228,97.917348
706,Tapanuli Tengah,22611,1.815388,98.883182,23764,3.779372,97.609232
707,Kutai Timur,75683,-1.816160,117.614852,92711,-4.826803,120.052518
708,Tapanuli Tengah,22611,1.815388,98.883182,24261,5.16914,96.789803
709,Kutai Timur,75683,-1.816160,117.614852,70611,-3.47219,114.8638
710,Banyuasin,30911,-2.434015,104.583599,30655,-3.446607,104.488097
711,Banggai Laut,94892,-1.675078,123.044016,95231,1.493416,124.841685
712,Banyuasin,30911,-2.434015,104.583599,38711,-2.574339,101.161049
713,Tapanuli Tengah,22611,1.815388,98.883182,25673,-1.301821,100.211183
714,Kutai Timur,75683,-1.816160,117.614852,71215,-2.808934,115.222296
715,Kutai Timur,75683,-1.816160,117.614852,90611,-4.836786,119.551274
716,Kutai Timur,75683,-1.816160,117.614852,75765,0.562174,115.689548
717,Tapanuli Tengah,22611,1.815388,98.883182,23764,3.779372,97.609232
718,Kutai Timur,75683,-1.816160,117.614852,91361,-1.502777,119.655733
719,Kutai Timur,75683,-1.816160,117.614852,75111,-0.502106,117.153709
720,Banyuasin,30911,-2.434015,104.583599,35111,-5.427139,105.257972
721,Kutai Timur,75683,-1.816160,117.614852,92981,-3.350617,120.347328
722,Banggai Laut,94892,-1.675078,123.044016,93611,-4.897745,122.600079
723,Tapanuli Tengah,22611,1.815388,98.883182,23681,4.393488,96.728292
724,Tapanuli Tengah,22611,1.815388,98.883182,23681,4.393488,96.728292
725,Kutai Timur,75683,-1.816160,117.614852,91511,-2.548926,118.909548
726,Tapanuli Tengah,22611,1.815388,98.883182,28111,0.534482,101.447679
727,Banyuasin,30911,-2.434015,104.583599,36364,-1.602238,103.610513
728,Banyuasin,30911,-2.434015,104.583599,37211,-1.346301,101.842768
729,Tapanuli Tengah,22611,1.815388,98.883182,28711,1.488894,102.264307
730,Banyuasin,30911,-2.434015,104.583599,31311,-3.549068,103.85882
731,Kutai Timur,75683,-1.816160,117.614852,71513,-1.747828,115.915417
732,Banyuasin,30911,-2.434015,104.583599,27678,-1.179729,101.341942
733,Banggai Laut,94892,-1.675078,123.044016,96254,0.890577,122.831301
734,Banggai Laut,94892,-1.675078,123.044016,96211,0.550606,123.056555
735,Banyuasin,30911,-2.434015,104.583599,38571,-4.222318,103.012315
736,Tapanuli Tengah,22611,1.815388,98.883182,25673,-1.301821,100.211183
737,Banggai Laut,94892,-1.675078,123.044016,93711,-5.17652,122.302107
738,Banyuasin,30911,-2.434015,104.583599,34684,-4.003371,105.39169
739,Tapanuli Tengah,22611,1.815388,98.883182,29511,-0.45251,101.45289
740,Tapanuli Tengah,22611,1.815388,98.883182,21161,2.971524,99.000226
741,Kutai Timur,75683,-1.816160,117.614852,92711,-4.826803,120.052518
742,Banyuasin,30911,-2.434015,104.583599,34511,-4.975167,105.25509
743,Banyuasin,30911,-2.434015,104.583599,78113,-0.036714,109.338004
744,Banyuasin,30911,-2.434015,104.583599,31511,-3.730898,102.78492
745,Kutai Timur,75683,-1.816160,117.614852,78716,0.918956,112.926506
746,Banggai Laut,94892,-1.675078,123.044016,93791,-5.348188,123.605246
747,Banyuasin,30911,-2.434015,104.583599,29427,1.045626,104.030454
748,Tapanuli Tengah,22611,1.815388,98.883182,21161,2.971524,99.000226
749,Kutai Timur,75683,-1.816160,117.614852,76111,-1.267638,116.827905
750,Kutai Timur,75683,-1.816160,117.614852,71215,-2.808934,115.222296
751,Tapanuli Tengah,22611,1.815388,98.883182,23654,-3.6872,97.282356
752,Tapanuli Tengah,22611,1.815388,98.883182,28911,1.950618,100.825648
753,Kutai Timur,75683,-1.816160,117.614852,92111,-5.370028,119.689257
754,Tapanuli Tengah,22611,1.815388,98.883182,28911,1.950618,100.825648
755,Tapanuli Tengah,22611,1.815388,98.883182,24261,5.16914,96.789803
756,Banyuasin,30911,-2.434015,104.583599,39115,-3.385216,102.759482
757,Kutai Timur,75683,-1.816160,117.614852,76111,-1.267638,116.827905
758,Banyuasin,30911,-2.434015,104.583599,30655,-3.446607,104.488097
759,Kutai Timur,75683,-1.816160,117.614852,91211,-3.742875,119.520969
760,Kutai Timur,75683,-1.816160,117.614852,74261,-2.552164,112.581647
761,Banggai Laut,94892,-1.675078,123.044016,96254,0.890577,122.831301
762,Banyuasin,30911,-2.434015,104.583599,35592,-5.51985,104.939981
763,Banyuasin,30911,-2.434015,104.583599,34157,-4.884785,105.198391
764,Banyuasin,30911,-2.434015,104.583599,30111,-2.987319,104.736009
765,Kutai Timur,75683,-1.816160,117.614852,91311,-3.281948,119.336006
766,Tapanuli Tengah,22611,1.815388,98.883182,24581,4.732755,96.901736
767,Banyuasin,30911,-2.434015,104.583599,27678,-1.179729,101.341942
768,Tapanuli Tengah,22611,1.815388,98.883182,22742,-1.7854,99.100706
769,Tapanuli Tengah,22611,1.815388,98.883182,21211,2.766106,99.047137
770,Banggai Laut,94892,-1.675078,123.044016,95781,0.94251,125.268593
771,Banyuasin,30911,-2.434015,104.583599,37311,-2.34895,102.126105
772,Banyuasin,30911,-2.434015,104.583599,78391,0.906239,109.188004
773,Banyuasin,30911,-2.434015,104.583599,30711,-2.689627,104.380374
774,Banyuasin,30911,-2.434015,104.583599,36514,-1.25072,103.38945
775,Kutai Timur,75683,-1.816160,117.614852,92211,-5.354139,119.534573
776,Tapanuli Tengah,22611,1.815388,98.883182,20111,3.595196,98.672222
777,Banyuasin,30911,-2.434015,104.583599,34157,-4.884785,105.198391
778,Kutai Timur,75683,-1.816160,117.614852,91311,-3.281948,119.336006
779,Banggai Laut,94892,-1.675078,123.044016,95411,1.327994,124.836267
780,Tapanuli Tengah,22611,1.815388,98.883182,20511,3.480805,98.664792
781,Banyuasin,30911,-2.434015,104.583599,78243,-0.099983,109.330533
782,Banyuasin,30911,-2.434015,104.583599,34611,-4.522042,105.205173
783,Banggai Laut,94892,-1.675078,123.044016,93711,-5.17652,122.302107
784,Tapanuli Tengah,22611,1.815388,98.883182,20811,3.792181,98.385996
785,Tapanuli Tengah,22611,1.815388,98.883182,20111,3.595196,98.672222
786,Kutai Timur,75683,-1.816160,117.614852,71315,-2.455097,115.224386
787,Tapanuli Tengah,22611,1.815388,98.883182,21211,2.766106,99.047137
788,Tapanuli Tengah,22611,1.815388,98.883182,24416,4.487456,97.960922
789,Kutai Timur,75683,-1.816160,117.614852,73881,-0.889685,115.137965
790,Kutai Timur,75683,-1.816160,117.614852,76111,-1.267638,116.827905
791,Tapanuli Tengah,22611,1.815388,98.883182,27211,-0.453214,100.531948
792,Banyuasin,30911,-2.434015,104.583599,31411,-3.798075,103.516954
793,Banyuasin,30911,-2.434015,104.583599,79465,1.403274,109.325107
794,Kutai Timur,75683,-1.816160,117.614852,78611,0.06395,111.492913
795,Banyuasin,30911,-2.434015,104.583599,30711,-2.689627,104.380374
796,Tapanuli Tengah,22611,1.815388,98.883182,20995,3.432974,99.112736
797,Banyuasin,30911,-2.434015,104.583599,34194,-5.118196,105.708374
798,Tapanuli Tengah,22611,1.815388,98.883182,26211,-0.220657,100.634769
799,Tapanuli Tengah,22611,1.815388,98.883182,22271,3.635995,98.545156
800,Kutai Timur,75683,-1.816160,117.614852,94362,0.325773,119.645813
801,Tapanuli Tengah,22611,1.815388,98.883182,20511,3.480805,98.664792
802,Kutai Timur,75683,-1.816160,117.614852,90111,-5.147665,119.432731
803,Tapanuli Tengah,22611,1.815388,98.883182,20111,3.595196,98.672222
804,Tapanuli Tengah,22611,1.815388,98.883182,21211,2.766106,99.047137
805,Banyuasin,30911,-2.434015,104.583599,79211,1.013747,109.618018
806,Tapanuli Tengah,22611,1.815388,98.883182,21255,3.287994,99.507255
807,Tapanuli Tengah,22611,1.815388,98.883182,21111,2.963409,99.060574
808,Kutai Timur,75683,-1.816160,117.614852,92917,-2.382177,119.944564
809,Kutai Timur,75683,-1.816160,117.614852,92111,-5.370028,119.689257
810,Banyuasin,30911,-2.434015,104.583599,33511,-2.909958,108.160792
811,Kutai Timur,75683,-1.816160,117.614852,91911,-2.978439,120.091282
812,Banyuasin,30911,-2.434015,104.583599,30711,-2.689627,104.380374
813,Kutai Timur,75683,-1.816160,117.614852,71419,-2.286212,115.213917
814,Banyuasin,30911,-2.434015,104.583599,35592,-5.51985,104.939981
815,Banyuasin,30911,-2.434015,104.583599,35592,-5.51985,104.939981
816,Banyuasin,30911,-2.434015,104.583599,36364,-1.602238,103.610513
817,Banyuasin,30911,-2.434015,104.583599,38878,-4.078363,103.738369
818,Tapanuli Tengah,22611,1.815388,98.883182,25111,-0.939989,100.35412
819,Banyuasin,30911,-2.434015,104.583599,78384,0.122803,109.609764
820,Kutai Timur,75683,-1.816160,117.614852,73112,-2.204763,113.924411
821,Kutai Timur,75683,-1.816160,117.614852,90111,-5.147665,119.432731
822,Banyuasin,30911,-2.434015,104.583599,32156,-4.002411,103.873268
823,Banyuasin,30911,-2.434015,104.583599,35611,-5.351673,104.751878
824,Banggai Laut,94892,-1.675078,123.044016,93811,-4.155098,122.583667
825,Tapanuli Tengah,22611,1.815388,98.883182,26164,-0.254882,100.233707
826,Banyuasin,30911,-2.434015,104.583599,33123,-2.129178,106.109733
827,Banyuasin,30911,-2.434015,104.583599,34157,-4.884785,105.198391
828,Kutai Timur,75683,-1.816160,117.614852,92211,-5.354139,119.534573
829,Kutai Timur,75683,-1.816160,117.614852,92711,-4.826803,120.052518
830,Kutai Timur,75683,-1.816160,117.614852,73761,-2.981434,114.570154
831,Banyuasin,30911,-2.434015,104.583599,78243,-0.099983,109.330533
832,Tapanuli Tengah,22611,1.815388,98.883182,24184,5.224226,96.156036
833,Kutai Timur,75683,-1.816160,117.614852,90911,-3.783826,120.104919
834,Banyuasin,30911,-2.434015,104.583599,35592,-5.51985,104.939981
835,Tapanuli Tengah,22611,1.815388,98.883182,22311,2.371365,99.143379
836,Banyuasin,30911,-2.434015,104.583599,79513,0.004029,110.939268
837,Kutai Timur,75683,-1.816160,117.614852,90111,-5.147665,119.432731
838,Banggai Laut,94892,-1.675078,123.044016,95611,1.195111,124.954394
839,Banggai Laut,94892,-1.675078,123.044016,95411,1.327994,124.836267
840,Tapanuli Tengah,22611,1.815388,98.883182,20711,3.601034,98.485377
841,Kutai Timur,75683,-1.816160,117.614852,76143,-1.180361,116.441559
842,Banyuasin,30911,-2.434015,104.583599,36611,-1.338478,103.649899
843,Banyuasin,30911,-2.434015,104.583599,30611,-3.446469,104.618896
844,Banggai Laut,94892,-1.675078,123.044016,96266,0.739309,121.991675
845,Kutai Timur,75683,-1.816160,117.614852,91361,-1.502777,119.655733
846,Banggai Laut,94892,-1.675078,123.044016,95378,1.480495,124.92493
847,Tapanuli Tengah,22611,1.815388,98.883182,21211,2.766106,99.047137
848,Tapanuli Tengah,22611,1.815388,98.883182,28911,1.950618,100.825648
849,Tapanuli Tengah,22611,1.815388,98.883182,20111,3.595196,98.672222
850,Kutai Timur,75683,-1.816160,117.614852,91311,-3.281948,119.336006
851,Kutai Timur,75683,-1.816160,117.614852,78716,0.918956,112.926506
852,Tapanuli Tengah,22611,1.815388,98.883182,24413,4.676605,97.90675
853,Tapanuli Tengah,22611,1.815388,98.883182,20511,3.480805,98.664792
854,Banyuasin,30911,-2.434015,104.583599,31411,-3.798075,103.516954
855,Kutai Timur,75683,-1.816160,117.614852,91853,-2.958132,119.935797
856,Banggai Laut,94892,-1.675078,123.044016,93762,-4.505136,121.85307
857,Kutai Timur,75683,-1.816160,117.614852,70611,-3.47219,114.8638
858,Banyuasin,30911,-2.434015,104.583599,37571,-1.578579,102.349139
859,Banyuasin,30911,-2.434015,104.583599,31654,-2.372244,103.030468
860,Kutai Timur,75683,-1.816160,117.614852,73513,-3.196033,114.390253
861,Tapanuli Tengah,22611,1.815388,98.883182,20811,3.792181,98.385996
862,Kutai Timur,75683,-1.816160,117.614852,72163,-3.267211,116.225153
863,Banyuasin,30911,-2.434015,104.583599,30111,-2.987319,104.736009
864,Kutai Timur,75683,-1.816160,117.614852,75683,-1.81616,117.614852
865,Banyuasin,30911,-2.434015,104.583599,37211,-1.346301,101.842768
866,Tapanuli Tengah,22611,1.815388,98.883182,28811,1.678102,101.449121
867,Banyuasin,30911,-2.434015,104.583599,34157,-4.884785,105.198391
868,Tapanuli Tengah,22611,1.815388,98.883182,22742,-1.7854,99.100706
869,Banyuasin,30911,-2.434015,104.583599,37211,-1.346301,101.842768
870,Kutai Timur,75683,-1.816160,117.614852,92412,-5.516169,119.931403
871,Tapanuli Tengah,22611,1.815388,98.883182,20811,3.792181,98.385996
872,Tapanuli Tengah,22611,1.815388,98.883182,21411,2.256043,100.043743
873,Tapanuli Tengah,22611,1.815388,98.883182,21111,2.963409,99.060574
874,Tapanuli Tengah,22611,1.815388,98.883182,24111,5.150908,95.980123
875,Kutai Timur,75683,-1.816160,117.614852,92211,-5.354139,119.534573
876,Banggai Laut,94892,-1.675078,123.044016,93411,-4.166719,122.2521
877,Tapanuli Tengah,22611,1.815388,98.883182,20511,3.480805,98.664792
878,Tapanuli Tengah,22611,1.815388,98.883182,20111,3.595196,98.672222
879,Kutai Timur,75683,-1.816160,117.614852,92111,-5.370028,119.689257
880,Banyuasin,30911,-2.434015,104.583599,79211,1.013747,109.618018
881,Banyuasin,30911,-2.434015,104.583599,31511,-3.730898,102.78492
882,Tapanuli Tengah,22611,1.815388,98.883182,28411,0.291466,101.143107
883,Tapanuli Tengah,22611,1.815388,98.883182,21455,2.358065,100.354073
884,Kutai Timur,75683,-1.816160,117.614852,90811,-4.399586,119.9107
885,Banggai Laut,94892,-1.675078,123.044016,95611,1.195111,124.954394
886,Kutai Timur,75683,-1.816160,117.614852,90811,-4.399586,119.9107
887,Banyuasin,30911,-2.434015,104.583599,34194,-5.118196,105.708374
888,Banyuasin,30911,-2.434015,104.583599,37211,-1.346301,101.842768
889,Kutai Timur,75683,-1.816160,117.614852,73712,-1.967769,114.810215
890,Kutai Timur,75683,-1.816160,117.614852,90811,-4.399586,119.9107
891,Banggai Laut,94892,-1.675078,123.044016,95996,1.324793,124.97396
892,Tapanuli Tengah,22611,1.815388,98.883182,23654,-3.6872,97.282356
893,Tapanuli Tengah,22611,1.815388,98.883182,23681,4.393488,96.728292
894,Kutai Timur,75683,-1.816160,117.614852,73761,-2.981434,114.570154
895,Banyuasin,30911,-2.434015,104.583599,30911,-2.434015,104.583599
896,Banyuasin,30911,-2.434015,104.583599,35611,-5.351673,104.751878
897,Kutai Timur,75683,-1.816160,117.614852,75765,0.876392,115.360651
898,Tapanuli Tengah,22611,1.815388,98.883182,20711,3.601034,98.485377
899,Banggai Laut,94892,-1.675078,123.044016,93611,-4.897745,122.600079
900,Tapanuli Tengah,22611,1.815388,98.883182,22742,-1.7854,99.100706
901,Tapanuli Tengah,22611,1.815388,98.883182,28411,0.291466,101.143107
902,Tapanuli Tengah,22611,1.815388,98.883182,21255,3.287994,99.507255
903,Banyuasin,30911,-2.434015,104.583599,32274,-4.235329,103.530487
904,Kutai Timur,75683,-1.816160,117.614852,73112,-2.204763,113.924411
905,Tapanuli Tengah,22611,1.815388,98.883182,28111,0.534482,101.447679
906,Kutai Timur,75683,-1.816160,117.614852,74511,-2.464237,112.862867
907,Kutai Timur,75683,-1.816160,117.614852,78611,0.06395,111.492913
908,Kutai Timur,75683,-1.816160,117.614852,90811,-4.399586,119.9107
909,Kutai Timur,75683,-1.816160,117.614852,75765,0.562174,115.689548
910,Banyuasin,30911,-2.434015,104.583599,29662,0.903537,103.401594
911,Kutai Timur,75683,-1.816160,117.614852,75765,0.562174,115.689548
912,Kutai Timur,75683,-1.816160,117.614852,91211,-3.742875,119.520969
913,Banyuasin,30911,-2.434015,104.583599,79365,0.319192,110.04717
914,Banyuasin,30911,-2.434015,104.583599,29875,0.03634,104.6591
915,Tapanuli Tengah,22611,1.815388,98.883182,22111,3.028802,98.277303
916,Banyuasin,30911,-2.434015,104.583599,30111,-2.987319,104.736009
917,Banyuasin,30911,-2.434015,104.583599,32184,-3.60614,103.975773
918,Banyuasin,30911,-2.434015,104.583599,32274,-4.235329,103.530487
919,Tapanuli Tengah,22611,1.815388,98.883182,22311,2.371365,99.143379
920,Banyuasin,30911,-2.434015,104.583599,32184,-3.60614,103.975773
921,Banyuasin,30911,-2.434015,104.583599,78384,0.122803,109.609764
922,Kutai Timur,75683,-1.816160,117.614852,90111,-5.147665,119.432731
923,Kutai Timur,75683,-1.816160,117.614852,92111,-5.370028,119.689257
924,Banggai Laut,94892,-1.675078,123.044016,92812,-6.004651,120.58712
925,Kutai Timur,75683,-1.816160,117.614852,77482,4.214028,117.690647
926,Kutai Timur,75683,-1.816160,117.614852,75765,0.562174,115.689548
927,Banyuasin,30911,-2.434015,104.583599,34194,-5.118196,105.708374
928,Banyuasin,30911,-2.434015,104.583599,30111,-2.987319,104.736009
929,Tapanuli Tengah,22611,1.815388,98.883182,28411,0.291466,101.143107
930,Tapanuli Tengah,22611,1.815388,98.883182,20511,3.480805,98.664792
931,Banyuasin,30911,-2.434015,104.583599,35367,-5.487725,105.119718
932,Kutai Timur,75683,-1.816160,117.614852,92981,-3.350617,120.347328
933,Banyuasin,30911,-2.434015,104.583599,31511,-3.730898,102.78492
934,Tapanuli Tengah,22611,1.815388,98.883182,26164,-0.254882,100.233707
935,Banggai Laut,94892,-1.675078,123.044016,93811,-4.155098,122.583667
936,Banyuasin,30911,-2.434015,104.583599,29427,1.045626,104.030454
937,Kutai Timur,75683,-1.816160,117.614852,90911,-3.783826,120.104919
938,Banyuasin,30911,-2.434015,104.583599,35592,-5.51985,104.939981
939,Tapanuli Tengah,22611,1.815388,98.883182,21455,2.358065,100.354073
940,Banyuasin,30911,-2.434015,104.583599,37211,-1.346301,101.842768
941,Banyuasin,30911,-2.434015,104.583599,34157,-4.884785,105.198391
942,Tapanuli Tengah,22611,1.815388,98.883182,24382,5.506105,95.36854
943,Banyuasin,30911,-2.434015,104.583599,34388,-4.542288,104.909314
944,Banggai Laut,94892,-1.675078,123.044016,95781,0.94251,125.268593
945,Kutai Timur,75683,-1.816160,117.614852,70815,-3.850749,116.270774
946,Tapanuli Tengah,22611,1.815388,98.883182,20995,3.432974,99.112736
947,Tapanuli Tengah,22611,1.815388,98.883182,28763,0.759398,101.923919
948,Kutai Timur,75683,-1.816160,117.614852,92711,-4.826803,120.052518
949,Tapanuli Tengah,22611,1.815388,98.883182,24261,5.16914,96.789803
950,Kutai Timur,75683,-1.816160,117.614852,75511,-0.214494,116.959885
951,Tapanuli Tengah,22611,1.815388,98.883182,20511,3.480805,98.664792
952,Banyuasin,30911,-2.434015,104.583599,34194,-5.118196,105.708374
953,Kutai Timur,75683,-1.816160,117.614852,90111,-5.147665,119.432731
954,Banggai Laut,94892,-1.675078,123.044016,96266,0.739309,121.991675
955,Tapanuli Tengah,22611,1.815388,98.883182,21111,2.963409,99.060574
956,Banyuasin,30911,-2.434015,104.583599,34157,-4.884785,105.198391
957,Tapanuli Tengah,22611,1.815388,98.883182,21161,2.971524,99.000226
958,Banyuasin,30911,-2.434015,104.583599,34611,-4.522042,105.205173
959,Kutai Timur,75683,-1.816160,117.614852,90611,-4.836786,119.551274
960,Banyuasin,30911,-2.434015,104.583599,34194,-5.118196,105.708374
961,Tapanuli Tengah,22611,1.815388,98.883182,29511,-0.45251,101.45289
962,Kutai Timur,75683,-1.816160,117.614852,90911,-3.783826,120.104919
963,Banyuasin,30911,-2.434015,104.583599,78243,-0.099983,109.330533
964,Banyuasin,30911,-2.434015,104.583599,36128,-1.610122,103.613122
965,Kutai Timur,75683,-1.816160,117.614852,70815,-3.850749,116.270774
966,Tapanuli Tengah,22611,1.815388,98.883182,21411,2.256043,100.043743
967,Banyuasin,30911,-2.434015,104.583599,34877,-2.651421,101.132202
968,Tapanuli Tengah,22611,1.815388,98.883182,24476,4.065084,97.967821
969,Tapanuli Tengah,22611,1.815388,98.883182,25511,-0.57461,100.148899
970,Kutai Timur,75683,-1.816160,117.614852,92981,-3.350617,120.347328
971,Banyuasin,30911,-2.434015,104.583599,32156,-4.002411,103.873268
972,Kutai Timur,75683,-1.816160,117.614852,75511,-0.214494,116.959885
973,Banyuasin,30911,-2.434015,104.583599,79365,0.319192,110.04717
974,Banyuasin,30911,-2.434015,104.583599,36128,-1.610122,103.613122
975,Banyuasin,30911,-2.434015,104.583599,33123,-2.129178,106.109733
976,Banyuasin,30911,-2.434015,104.583599,31311,-3.549068,103.85882
977,Banggai Laut,94892,-1.675078,123.044016,96112,0.54854,123.070209
978,Kutai Timur,75683,-1.816160,117.614852,92311,-5.582748,119.641924
979,Banyuasin,30911,-2.434015,104.583599,34194,-5.118196,105.708374
980,Banyuasin,30911,-2.434015,104.583599,29427,1.045626,104.030454
981,Kutai Timur,75683,-1.816160,117.614852,91311,-3.281948,119.336006
982,Tapanuli Tengah,22611,1.815388,98.883182,26566,-0.356482,99.872362
983,Tapanuli Tengah,22611,1.815388,98.883182,24311,4.981445,97.438202
984,Banyuasin,30911,-2.434015,104.583599,78557,0.13477,110.592349
985,Kutai Timur,75683,-1.816160,117.614852,91811,-3.086371,119.904811
986,Tapanuli Tengah,22611,1.815388,98.883182,27383,-0.792548,100.652947
987,Banyuasin,30911,-2.434015,104.583599,29319,0.862682,102.731788
988,Banggai Laut,94892,-1.675078,123.044016,93562,-3.543106,122.293009
989,Banyuasin,30911,-2.434015,104.583599,34157,-4.884785,105.198391
990,Kutai Timur,75683,-1.816160,117.614852,75683,-1.81616,117.614852
991,Tapanuli Tengah,22611,1.815388,98.883182,20511,3.480805,98.664792
992,Kutai Timur,75683,-1.816160,117.614852,78716,0.918956,112.926506
993,Banggai Laut,94892,-1.675078,123.044016,93411,-4.166719,122.2521
994,Tapanuli Tengah,22611,1.815388,98.883182,22711,1.454282,99.246087
995,Tapanuli Tengah,22611,1.815388,98.883182,28811,1.678102,101.449121
996,Banyuasin,30911,-2.434015,104.583599,34194,-5.118196,105.708374
997,Kutai Timur,75683,-1.816160,117.614852,75111,-0.502106,117.153709
998,Banyuasin,30911,-2.434015,104.583599,79211,1.013747,109.618018
999,Banyuasin,30911,-2.434015,104.583599,38571,-4.222318,103.012315
1000,Tapanuli Tengah,22611,1.815388,98.883182,20511,3.480805,98.664792
