No,shipment_order_no,logistic_name,origin_postal_code,destination_postal_code,awb_number,rate_code,min_sla_api,max_sla_api
730,TRD2023030305849,JNE,61253,61225,6833602300003418,CTC23,,
748,TRD2023030609618,JNE,61253,61262,6833602300004960,CTC23,,
752,TRD2023030706106,JNE,61253,61258,6833602300005876,CTC23,,
783,TRD2023031310173,JNE,61253,61225,6833602300009498,CTC23,,
404,TRD2022071300593,JNE,45556,98315,2534902200038816,REG23,,
681,TRD2022071500786,JNE,45556,98315,2534902200050928,REG23,,
930,TRD2022071601374,JNE,45556,98357,2534902200063285,REG23,,
988,TRD2022071800690,JNE,45556,98315,2534902200066098,REG23,,
1536,TRD2022072001464,JNE,45556,98315,2534902200099347,REG23,,
1628,TRD2022072100892,JNE,45556,24386,2534902200103958,REG23,,
2011,TRD2022072508378,JNE,45556,98315,2534902200123618,REG23,,
2278,TRD2022072600850,JNE,45556,98354,2534902200137220,REG23,,
2315,TRD2022072600965,JNE,45556,98315,2534902200138137,REG23,,
2349,TRD2022072601341,JNE,45556,98315,2534902200139630,REG23,,
2375,TRD2022072601634,JNE,45556,98315,2534902200141123,REG23,,
2724,TRD2022072901423,JNE,45556,98314,2534902200159323,REG23,,
3125,TRD2022080102062,JNE,45556,98314,2534902200176491,REG23,,
3167,TRD2022080102188,JNE,45556,98354,2534902200177515,REG23,,
3290,TRD2022080200792,JNE,45556,98314,2534902200185260,REG23,,
3304,TRD2022080200849,JNE,45556,98315,2534902200185815,REG23,,
3364,TRD2022080201084,JNE,45556,98359,2534902200188074,REG23,,
3436,TRD2022080202116,JNE,45556,98362,2534902200190336,REG23,,
3971,TRD2022080501203,JNE,45556,98362,2534902200214953,REG23,,
4082,TRD2022080502569,JNE,45556,98314,2534902200219945,REG23,,
4104,TRD2022080502707,JNE,45556,98354,2534902200220620,REG23,,
4163,TRD2022080502926,JNE,45556,98314,2534902200223228,REG23,,
5025,TRD2022080901446,JNE,45556,98354,2534902200258612,REG23,,
5043,TRD2022080902783,JNE,45556,98352,2534902200259586,REG23,,
5053,TRD2022080902814,JNE,45556,98314,2534902200259842,REG23,,
5312,TRD2022081002127,JNE,45556,98314,2534902200273892,REG23,,
5342,TRD2022081002399,JNE,45556,98314,2534902200274841,REG23,,
5400,TRD2022081100706,JNE,45556,98314,2534902200277067,REG23,,
5623,TRD2022081201415,JNE,45556,98314,2534902200285938,REG23,,
5833,TRD2022081301035,JNE,11450,98363,0136932200068618,REG23,,
5862,TRD2022081301375,JNE,45556,98314,2534902200296984,REG23,,
6180,TRD2022081503060,JNE,45556,38372,2534902200307948,REG23,,
6242,TRD2022081700358,JNE,45556,98315,2534902200312898,REG23,,
6306,TRD2022081700675,JNE,45556,98359,2534902200316105,REG23,,
6515,TRD2022081701841,JNE,45556,98314,2534902200321998,REG23,,
6791,TRD2022081901587,JNE,45556,98362,2534902200331328,REG23,,
6987,TRD2022082000496,JNE,45556,98314,2534902200340980,REG23,,
7053,TRD2022082001404,JNE,11450,98314,0136932200103019,REG23,,
7338,TRD2022082202555,JNE,11450,98355,0136932200110881,REG23,,
7610,TRD2022082206110,JNE,45556,98314,2534902200363495,REG23,,
8035,TRD2022082401190,JNE,45556,98362,2534902200380796,REG23,,
8109,TRD2022082401599,JNE,45556,98362,2534902200384681,REG23,,
8161,TRD2022082401979,JNE,11450,98314,0136932200132570,REG23,,
8490,TRD2022082502181,JNE,45556,98314,2534902200392023,REG23,,
8791,TRD2022082504311,JNE,45556,98353,2534902200411088,REG23,,
8909,TRD2022082601186,JNE,45556,98362,2534902200418596,REG23,,
8982,TRD2022082601538,JNE,45556,98314,2534902200421020,REG23,,
9130,TRD2022082602680,JNE,11450,98314,0136932200163518,REG23,,
9239,TRD2022082603441,JNE,11450,13720,0136932200165398,REG23,,
9283,TRD2022082700926,JNE,11450,66229,0136932200171701,REG23,,
9396,TRD2022082701740,JNE,45556,98314,2534902200432050,REG23,,
9514,TRD2022082702311,JNE,45556,98314,2534902200437166,REG23,,
9663,TRD2022082902512,JNE,11450,66261,0136932200189752,REG23,,
10330,TRD2022082907197,JNE,45556,98355,2534902200467841,REG23,,
10376,TRD2022082907383,JNE,45556,98314,2534902200470035,REG23,,
10630,TRD2022083003540,JNE,45556,98314,2534902200480091,REG23,,
10690,TRD2022083004610,JNE,45556,98314,2534902200484242,REG23,,
10772,TRD2022083006648,JNE,45556,98362,2534902200488052,REG23,,
10864,TRD2022083100964,JNE,45556,98314,2534902200491650,REG23,,
11049,TRD2022090101188,JNE,17147,98314,0733272200059110,REG23,,
11530,TRD2022090300486,JNE,17148,98314,0733272200085883,REG23,,
11663,TRD2022090301904,JNE,17148,98314,0733272200094653,REG23,,
11921,TRD2022090502297,JNE,45556,98314,2534902200518866,REG23,,
11976,TRD2022090503717,JNE,17148,98314,0733272200114709,REG23,,
12253,TRD2022090602201,JNE,45556,98314,2534902200528683,REG23,,
12284,TRD2022090602521,JNE,17148,98314,0733272200137775,REG23,,
12442,TRD2022090603823,JNE,45556,98314,2534902200533394,REG23,,
12737,TRD2022090800727,JNE,17148,98352,0733272200160058,REG23,,
12837,TRD2022090802342,JNE,17148,98354,0733272200165511,REG23,,
13010,TRD2022090901504,JNE,17148,98352,0733272200174430,REG23,,
13239,TRD2022091001013,JNE,17148,98356,0733272200186798,REG23,,
13517,TRD2022091003464,JNE,45556,98314,2534902200554705,REG23,,
13862,TRD2022091204256,JNE,17148,98314,0733272200224946,REG23,,
14181,TRD2022091207554,JNE,17148,98356,0733272200238417,REG23,,
14709,TRD2022091402497,JNE,17148,98314,0733272200265436,REG23,,
14746,TRD2022091402867,JNE,17148,98314,0733272200269263,REG23,,
14783,TRD2022091403176,JNE,17148,98314,0733272200271178,REG23,,
14881,TRD2022091500702,JNE,17148,98315,0733272200276078,REG23,,
14993,TRD2022091502086,JNE,17148,98314,0733272200278710,REG23,,
15505,TRD2022091603373,JNE,17148,98356,0733272200307030,REG23,,
15511,TRD2022091603426,JNE,17148,98314,0733272200307642,REG23,,
15563,TRD2022091700819,JNE,45556,98314,2534902200618708,REG23,,
15770,TRD2022091703301,JNE,45556,98356,2534902200622528,REG23,,
15865,TRD2022091902566,JNE,17148,98314,0733272200328895,REG23,,
16547,TRD2022092003299,JNE,17148,98314,0733272200360906,REG23,,
16709,TRD2022092102488,JNE,17148,98314,0733272200373818,REG23,,
16848,TRD2022092200348,JNE,17148,73111,0733272200376878,REG23,,
17311,TRD2022092302303,JNE,17148,98315,0733272200400405,REG23,,
17313,TRD2022092302309,JNE,17148,98314,0733272200400504,REG23,,
17314,TRD2022092302321,JNE,17148,98314,0733272200400462,REG23,,
17430,TRD2022092401274,JNE,17148,98314,0733272200407038,REG23,,
17432,TRD2022092401283,JNE,17148,98315,0733272200409075,REG23,,
17764,TRD2022092601746,JNE,17148,98315,0733272200425576,REG23,,
17778,TRD2022092601784,JNE,17148,98314,0733272200425972,REG23,,
17821,TRD2022092602048,JNE,17148,98314,0733272200429008,REG23,,
17848,TRD2022092602195,JNE,17148,98314,0733272200429073,REG23,,
18075,TRD2022092604015,JNE,17148,98314,0733272200439858,REG23,,
18229,TRD2022092605713,JNE,17148,98314,0733272200453420,REG23,,
18548,TRD2022092701514,JNE,17148,98314,0733272200471489,REG23,,
18630,TRD2022092702528,JNE,17148,98314,0733272200476025,REG23,,
18723,TRD2022092703501,JNE,45556,98315,2534902200700183,REG23,,
19021,TRD2022092802790,JNE,17148,66229,0733272200497385,REG23,,
19026,TRD2022092802835,JNE,17148,93885,0733272200497898,REG23,,
19134,TRD2022092804109,JNE,45556,98355,2534902200709531,REG23,,
19264,TRD2022092901204,JNE,17148,98315,0733272200508371,REG23,,
19333,TRD2022092902259,JNE,17148,98355,0733272200513470,REG23,,
19622,TRD2022093000909,JNE,17148,98314,0733272200531035,REG23,,
19891,TRD2022100100873,JNE,17148,98314,0733272200545670,REG23,,
20000,TRD2022100101595,JNE,17148,98315,0733272200551090,REG23,,
16,TRD2022100101707,JNE,17148,98355,0733272200552650,REG23,,
288,TRD2022100302995,JNE,17148,98314,0733272200571460,REG23,,
746,TRD2022100501827,JNE,17148,98315,0733272200596517,REG23,,
755,TRD2022100501944,JNE,17148,98355,0733272200597689,REG23,,
784,TRD2022100502203,JNE,17148,98314,0733272200600178,REG23,,
1307,TRD2022100701983,JNE,17148,98314,0733272200630365,REG23,,
1308,TRD2022100701987,JNE,17148,98315,0733272200630423,REG23,,
1633,TRD2022100801856,JNE,17148,98355,0733272200649381,REG23,,
1824,TRD2022101002095,JNE,17148,98314,0733272200657202,REG23,,
1839,TRD2022101002171,JNE,17148,98356,0733272200657749,REG23,,
1957,TRD2022101003121,JNE,17148,98315,0733272200664588,REG23,,
2353,TRD2022101101954,JNE,17148,98315,0733272200681442,REG23,,
2607,TRD2022101201617,JNE,17148,98362,0733272200690625,REG23,,
2921,TRD2022101302120,JNE,17148,98314,0733272200704145,REG23,,
3022,TRD2022101400471,JNE,17148,98314,0733272200706355,REG23,,
3095,TRD2022101401578,JNE,45556,98355,2534902200813648,REG23,,
3147,TRD2022101500310,JNE,17148,98315,0733272200712551,REG23,,
3202,TRD2022101501344,JNE,17148,98314,0733272200716768,REG23,,
3205,TRD2022101501360,JNE,17148,98314,0733272200716594,REG23,,
3366,TRD2022101701154,JNE,17148,98314,0733272200723061,REG23,,
3392,TRD2022101703025,JNE,17148,98355,0733272200725199,REG23,,
3574,TRD2022101704289,JNE,17148,98314,0733272200734183,REG23,,
4147,TRD2022101903254,JNE,17148,98356,0733272200768405,REG23,,
4159,TRD2022101903315,JNE,17148,98314,0733272200769809,REG23,,
4247,TRD2022102001230,JNE,17148,98315,0733272200775004,REG23,,
4317,TRD2022102001698,JNE,17148,98314,0733272200778677,REG23,,
4386,TRD2022102100341,JNE,17148,98315,0733272200781739,REG23,,
4542,TRD2022102102855,JNE,17148,98314,0733272200788262,REG23,,
4634,TRD2022102201763,JNE,17148,98362,0733272200791845,REG23,,
4923,TRD2022102401694,JNE,17148,98314,0733272200803210,REG23,,
5091,TRD2022102403455,JNE,17148,98315,0733272200808128,REG23,,
5291,TRD2022102405607,JNE,17148,98356,0733272200816949,REG23,,
5305,TRD2022102500028,JNE,17148,98362,0733272200818200,REG23,,
5606,TRD2022102503771,JNE,45556,66291,2534902200860714,REG23,,
5623,TRD2022102504534,JNE,17148,98314,0733272200829199,REG23,,
5703,TRD2022102601568,JNE,17148,98314,0733272200832102,REG23,,
5706,TRD2022102601580,JNE,17148,98314,0733272200832359,REG23,,
5713,TRD2022102601608,JNE,17148,98356,0733272200832888,REG23,,
5785,TRD2022102602490,JNE,17148,98314,0733272200836947,REG23,,
5823,TRD2022102602741,JNE,17148,98314,0733272200840543,REG23,,
5918,TRD2022102700320,JNE,17148,98314,0733272200842838,REG23,,
6043,TRD2022102702119,JNE,17148,98314,0733272200849536,REG23,,
6044,TRD2022102702126,JNE,17148,98314,0733272200849593,REG23,,
6187,TRD2022102800614,JNE,17148,98315,0733272200853553,REG23,,
6977,TRD2022103107325,JNE,17148,98356,0733272200887411,REG23,,
6990,TRD2022103107391,JNE,17148,98314,0733272200888112,REG23,,
6995,TRD2022103107416,JNE,17148,98315,0733272200888344,REG23,,
7005,TRD2022103107459,JNE,17148,98314,0733272200888229,REG23,,
7006,TRD2022103107460,JNE,17148,98315,0733272200888849,REG23,,
7173,TRD2022110102667,JNE,17148,98314,0733272200895380,REG23,,
7265,TRD2022110103599,JNE,17148,98356,0733272200896685,REG23,,
7473,TRD2022110202623,JNE,17148,98314,0733272200905593,REG23,,
7604,TRD2022110204001,JNE,17148,98314,0733272200910486,REG23,,
7609,TRD2022110204016,JNE,17148,98314,0733272200910627,REG23,,
7675,TRD2022110302296,JNE,17148,98315,0733272200911484,REG23,,
7924,TRD2022110403741,JNE,17148,98314,0733272200921657,REG23,,
7929,TRD2022110403762,JNE,17148,98352,0733272200921905,REG23,,
7958,TRD2022110403980,JNE,17148,98314,0733272200923513,REG23,,
8096,TRD2022110501769,JNE,17148,98314,0733272200926847,REG23,,
8169,TRD2022110503452,JNE,17148,98356,0733272200929163,REG23,,
8418,TRD2022110702167,JNE,45556,98314,2534902200924775,REG23,,
8533,TRD2022110705012,JNE,17148,98362,0733272200940947,REG23,,
8610,TRD2022110705347,JNE,17148,98314,0733272200943834,REG23,,
8898,TRD2022110803363,JNE,17148,98356,0733272200955184,REG23,,
9085,TRD2022110902671,JNE,17148,98354,0733272200960655,REG23,,
9139,TRD2022110902964,JNE,17148,98362,0733272200963485,REG23,,
9143,TRD2022110902975,JNE,17148,98314,0733272200963709,REG23,,
9163,TRD2022110903111,JNE,17148,98355,0733272200965837,REG23,,
9301,TRD2022111001575,JNE,17148,98314,0733272200968948,REG23,,
9306,TRD2022111001598,JNE,17148,98314,0733272200969409,REG23,,
9364,TRD2022111002037,JNE,45556,66229,2534902200938825,REG23,,
9548,TRD2022111102508,JNE,17148,98362,0733272200979879,REG23,,
9553,TRD2022111102527,JNE,17148,98314,0733272200980067,REG23,,
9583,TRD2022111102681,JNE,17148,98315,0733272200980927,REG23,,
9600,TRD2022111102733,JNE,17148,98314,0733272200981487,REG23,,
9728,TRD2022111202383,JNE,17148,98362,0733272200987161,REG23,,
9731,TRD2022111202417,JNE,17148,98314,0733272200987807,REG23,,
9756,TRD2022111202688,JNE,17148,98314,0733272200988839,REG23,,
9757,TRD2022111202689,JNE,17148,98362,0733272200988813,REG23,,
9761,TRD2022111202702,JNE,17148,98314,0733272200988953,REG23,,
9771,TRD2022111202739,JNE,17148,98352,0733272200989373,REG23,,
9781,TRD2022111202779,JNE,17148,98314,0733272200989654,REG23,,
9860,TRD2022111402270,JNE,17148,98315,0733272200991619,REG23,,
9874,TRD2022111402359,JNE,17148,98314,0733272200991411,REG23,,
9879,TRD2022111402370,JNE,17148,98314,0733272200991312,REG23,,
9884,TRD2022111402393,JNE,17148,98314,0733272200991841,REG23,,
9940,TRD2022111404506,JNE,45556,98355,2534902200945176,REG23,,
9945,TRD2022111404560,JNE,45556,98314,2534902200945747,REG23,,
9952,TRD2022111404594,JNE,45556,98315,2534902200946141,REG23,,
9967,TRD2022111404657,JNE,45556,98315,2534902200946638,REG23,,
9994,TRD2022111405087,JNE,17148,98314,0733272200997749,REG23,,
10084,TRD2022111501175,JNE,17148,98362,0733272201002523,REG23,,
10109,TRD2022111501352,JNE,17148,98314,0733272201004057,REG23,,
10162,TRD2022111502406,JNE,17148,98314,0733272201007597,REG23,,
10179,TRD2022111502477,JNE,17148,98314,0733272201007928,REG23,,
10254,TRD2022111601694,JNE,17148,98314,0733272201012050,REG23,,
10328,TRD2022111602927,JNE,17148,98314,0733272201016598,REG23,,
10429,TRD2022111701528,JNE,17148,98315,0733272201020582,REG23,,
10438,TRD2022111701564,JNE,17148,98315,0733272201020319,REG23,,
10461,TRD2022111701689,JNE,45556,98355,2534902200949178,REG23,,
10466,TRD2022111701774,JNE,17148,98314,0733272201021945,REG23,,
10490,TRD2022111702305,JNE,17148,98314,0733272201023065,REG23,,
10545,TRD2022111801328,JNE,17148,98314,0733272201027454,REG23,,
10548,TRD2022111801349,JNE,17148,98315,0733272201027603,REG23,,
10564,TRD2022111801508,JNE,17148,98315,0733272201029211,REG23,,
10622,TRD2022111802049,JNE,17148,98363,0733272201031209,REG23,,
10637,TRD2022111802538,JNE,45556,98356,2534902200950267,REG23,,
10701,TRD2022111902137,JNE,17148,98362,0733272201036109,REG23,,
10755,TRD2022111902972,JNE,17148,98314,0733272201037990,REG23,,
10901,TRD2022112102474,JNE,11450,98314,0136932200408418,REG23,,
10939,TRD2022112103791,JNE,17148,98314,0733272201043725,REG23,,
10941,TRD2022112103798,JNE,17148,98314,0733272201043790,REG23,,
10967,TRD2022112103914,JNE,17148,98363,0733272201045050,REG23,,
11007,TRD2022112104235,JNE,17148,98356,0733272201046421,REG23,,
11137,TRD2022112201366,JNE,17148,98353,0733272201052775,REG23,,
11325,TRD2022112302157,JNE,11450,98315,0136932200412980,REG23,,
11362,TRD2022112302417,JNE,17148,98314,0733272201062584,REG23,,
11369,TRD2022112302437,JNE,17148,98314,0733272201062782,REG23,,
11444,TRD2022112401819,JNE,17148,98314,0733272201067393,REG23,,
11485,TRD2022112402126,JNE,17148,98315,0733272201067773,REG23,,
11501,TRD2022112402377,JNE,17148,98314,0733272201067989,REG23,,
11505,TRD2022112402396,JNE,17148,98315,0733272201068235,REG23,,
11519,TRD2022112402891,JNE,17148,98356,0733272201069373,REG23,,
11598,TRD2022112501474,JNE,17148,98362,0733272201072427,REG23,,
11681,TRD2022112502327,JNE,17148,98315,0733272201076667,REG23,,
11694,TRD2022112502369,JNE,17148,98314,0733272201076998,REG23,,
11698,TRD2022112502396,JNE,17148,98315,0733272201077301,REG23,,
11700,TRD2022112502408,JNE,17148,98314,0733272201077483,REG23,,
11752,TRD2022112601572,JNE,17148,98315,0733272201080461,REG23,,
11775,TRD2022112602105,JNE,17148,98314,0733272201081295,REG23,,
11822,TRD2022112602397,JNE,17148,98314,0733272201083044,REG23,,
11823,TRD2022112602398,JNE,17148,98315,0733272201083572,REG23,,
11826,TRD2022112602453,JNE,17148,98315,0733272201083846,REG23,,
11855,TRD2022112801986,JNE,17148,98314,0733272201085833,REG23,,
11881,TRD2022112802129,JNE,17148,98314,0733272201087201,REG23,,
11890,TRD2022112802164,JNE,17148,98315,0733272201087607,REG23,,
11911,TRD2022112802430,JNE,11450,98314,0136932200423078,REG23,,
12076,TRD2022112804948,JNE,17148,98314,0733272201094199,REG23,,
12085,TRD2022112804986,JNE,17148,98353,0733272201094538,REG23,,
12104,TRD2022112805060,JNE,17148,98315,0733272201095378,REG23,,
12196,TRD2022112805576,JNE,17148,98314,0733272201101044,REG23,,
12220,TRD2022112805690,JNE,17148,98314,0733272201100160,REG23,,
12221,TRD2022112805692,JNE,17148,98314,0733272201100442,REG23,,
12223,TRD2022112805697,JNE,17148,98355,0733272201101002,REG23,,
12226,TRD2022112805705,JNE,17148,98314,0733272201100343,REG23,,
12331,TRD2022112902742,JNE,17148,98315,0733272201104824,REG23,,
12345,TRD2022112902886,JNE,17148,98362,0733272201105334,REG23,,
12348,TRD2022112902947,JNE,17148,98356,0733272201105490,REG23,,
12362,TRD2022112903226,JNE,17148,98314,0733272201106159,REG23,,
12390,TRD2022113001326,JNE,17148,98314,0733272201108353,REG23,,
12403,TRD2022113001428,JNE,17148,98314,0733272201109260,REG23,,
12485,TRD2022113002222,JNE,17148,98315,0733272201111175,REG23,,
12507,TRD2022113002676,JNE,17148,98356,0733272201112793,REG23,,
12583,TRD2022120101704,JNE,17148,98315,0733272201115754,REG23,,
12589,TRD2022120101725,JNE,17148,98314,0733272201116000,REG23,,
12651,TRD2022120102055,JNE,17148,98314,0733272201117313,REG23,,
12690,TRD2022120102900,JNE,17148,98314,0733272201119491,REG23,,
12692,TRD2022120102902,JNE,17148,98314,0733272201119418,REG23,,
12778,TRD2022120201101,JNE,11450,98314,0136932200434679,REG23,,
12818,TRD2022120201472,JNE,17148,98314,0733272201124848,REG23,,
12834,TRD2022120201535,JNE,17148,98314,0733272201124673,REG23,,
12850,TRD2022120201591,JNE,17148,98314,0733272201125209,REG23,,
12873,TRD2022120201671,JNE,17148,98315,0733272201125928,REG23,,
12926,TRD2022120202671,JNE,17148,98419,0733272201129599,REG23,,
12994,TRD2022120301563,JNE,17148,98315,0733272201131801,REG23,,
13013,TRD2022120301725,JNE,17148,98314,0733272201132858,REG23,,
13019,TRD2022120301750,JNE,17148,98314,0733272201133286,REG23,,
13062,TRD2022120301986,JNE,11450,98314,0136932200436427,REG23,,
13066,TRD2022120302007,JNE,11450,98314,0136932200436625,REG23,,
13126,TRD2022120302481,JNE,17148,98362,0733272201137477,REG23,,
13281,TRD2022120502946,JNE,17148,98314,0733272201140976,REG23,,
13292,TRD2022120507134,JNE,17148,98314,0733272201142105,REG23,,
13322,TRD2022120507221,JNE,17148,98355,0733272201142915,REG23,,
13334,TRD2022120507265,JNE,17148,98352,0733272201143947,REG23,,
13336,TRD2022120507278,JNE,17148,98362,0733272201144002,REG23,,
13358,TRD2022120507357,JNE,17148,98315,0733272201144275,REG23,,
13365,TRD2022120507388,JNE,17148,98314,0733272201144630,REG23,,
13372,TRD2022120507406,JNE,17148,98352,0733272201144986,REG23,,
13392,TRD2022120507490,JNE,17148,98314,0733272201145546,REG23,,
13399,TRD2022120507516,JNE,17148,98314,0733272201146270,REG23,,
13401,TRD2022120507522,JNE,17148,98314,0733272201146098,REG23,,
13407,TRD2022120507542,JNE,17148,98315,0733272201146031,REG23,,
13492,TRD2022120603590,JNE,17148,98314,0733272201149936,REG23,,
13515,TRD2022120603717,JNE,17148,66229,0733272201150199,REG23,,
13558,TRD2022120604293,JNE,17148,98315,0733272201151866,REG23,,
13569,TRD2022120604360,JNE,17148,98314,0733272201152633,REG23,,
13575,TRD2022120604398,JNE,17148,98315,0733272201153003,REG23,,
13576,TRD2022120604407,JNE,17148,98314,0733272201153144,REG23,,
13595,TRD2022120604485,JNE,17148,98314,0733272201155040,REG23,,
13600,TRD2022120604506,JNE,17148,98314,0733272201155511,REG23,,
13691,TRD2022120701680,JNE,17148,98362,0733272201158572,REG23,,
13743,TRD2022120701948,JNE,11450,98362,0136932200442482,REG23,,
13953,TRD2022120802448,JNE,17148,98314,0733272201168126,REG23,,
13954,TRD2022120802450,JNE,17148,98315,0733272201168761,REG23,,
13961,TRD2022120802471,JNE,17148,98315,0733272201168209,REG23,,
13970,TRD2022120802499,JNE,17148,98356,0733272201168423,REG23,,
14023,TRD2022120803641,JNE,17148,98314,0733272201171922,REG23,,
14052,TRD2022120902373,JNE,17148,98314,0733272201173688,REG23,,
14131,TRD2022120902927,JNE,17148,98315,0733272201175717,REG23,,
14142,TRD2022120902966,JNE,17148,98314,0733272201175675,REG23,,
14145,TRD2022120903100,JNE,17148,98314,0733272201175840,REG23,,
14617,TRD2022121303050,JNE,17148,98314,0733272201193801,REG23,,
14646,TRD2022121303289,JNE,17148,98314,0733272201194353,REG23,,
14671,TRD2022121303460,JNE,17148,98314,0733272201195269,REG23,,
14726,TRD2022121304524,JNE,17148,98314,0733272201196358,REG23,,
14806,TRD2022121402308,JNE,17148,98356,0733272201199113,REG23,,
14810,TRD2022121402335,JNE,17148,98314,0733272201199253,REG23,,
14887,TRD2022121403354,JNE,17148,98314,0733272201201547,REG23,,
14888,TRD2022121403359,JNE,17148,98314,0733272201201489,REG23,,
14957,TRD2022121503434,JNE,11450,98362,0136932200457050,REG23,,
14971,TRD2022121503467,JNE,11450,98314,0136932200457365,REG23,,
15012,TRD2022121503620,JNE,17148,98361,0733272201204129,REG23,,
15025,TRD2022121504304,JNE,45556,98356,2534902200968079,REG23,,
15037,TRD2022121504538,JNE,17148,98314,0733272201205209,REG23,,
15040,TRD2022121504545,JNE,17148,98314,0733272201205266,REG23,,
15041,TRD2022121504547,JNE,17148,98356,0733272201205688,REG23,,
15048,TRD2022121504571,JNE,17148,98355,0733272201205639,REG23,,
15121,TRD2022121602745,JNE,17148,98314,0733272201206504,REG23,,
15163,TRD2022121603107,JNE,17148,98315,0733272201207981,REG23,,
15211,TRD2022121604651,JNE,17148,98314,0733272201210019,REG23,,
15213,TRD2022121604663,JNE,17148,98314,0733272201210142,REG23,,
15234,TRD2022121604986,JNE,11450,98315,0136932200464536,REG23,,
15259,TRD2022121605064,JNE,11450,98314,0136932200465061,REG23,,
15280,TRD2022121605129,JNE,11450,98315,0136932200465707,REG23,,
15285,TRD2022121605137,JNE,11450,98315,0136932200465608,REG23,,
15295,TRD2022121605158,JNE,11450,98314,0136932200465947,REG23,,
15328,TRD2022121605291,JNE,11450,98362,0136932200467588,REG23,,
15499,TRD2022121904405,JNE,17148,98355,0733272201217022,REG23,,
15529,TRD2022121904495,JNE,17148,98314,0733272201217915,REG23,,
15601,TRD2022121905292,JNE,17148,98355,0733272201219903,REG23,,
15619,TRD2022121905359,JNE,17148,98315,0733272201220570,REG23,,
15706,TRD2022121905660,JNE,11450,98315,0136932200471267,REG23,,
15710,TRD2022121905675,JNE,11450,98314,0136932200471416,REG23,,
15747,TRD2022121905764,JNE,17148,98362,0733272201223194,REG23,,
15771,TRD2022121905866,JNE,17148,98314,0733272201223939,REG23,,
15996,TRD2022122001652,JNE,45556,98314,2534902200977450,REG23,,
16110,TRD2022122202502,JNE,17148,98314,0733272201225900,REG23,,
16137,TRD2022122202614,JNE,17148,98356,0733272201226650,REG23,,
16148,TRD2022122202647,JNE,17148,98314,0733272201226957,REG23,,
16162,TRD2022122203137,JNE,11450,98356,0136932200477876,REG23,,
16223,TRD2022122204790,JNE,17148,98355,0733272201228698,REG23,,
16243,TRD2022122204859,JNE,17148,98314,0733272201230041,REG23,,
16269,TRD2022122205002,JNE,45556,98315,2534902200979480,REG23,,
16370,TRD2022122303848,JNE,17148,98314,0733272201233474,REG23,,
16377,TRD2022122303894,JNE,17148,98314,0733272201232468,REG23,,
16412,TRD2022122304543,JNE,45556,98314,2534902200980546,REG23,,
16414,TRD2022122304546,JNE,45556,98315,2534902200980579,REG23,,
16415,TRD2022122304548,JNE,45556,98314,2534902200980603,REG23,,
16430,TRD2022122304817,JNE,17148,98314,0733272201234050,REG23,,
16492,TRD2022122403340,JNE,11450,98362,0136932200481068,REG23,,
16535,TRD2022122403523,JNE,17148,98314,0733272201236923,REG23,,
16648,TRD2022122405680,JNE,17148,98314,0733272201241022,REG23,,
16657,TRD2022122405728,JNE,17148,98352,0733272201241543,REG23,,
16660,TRD2022122405741,JNE,17148,98362,0733272201241683,REG23,,
16699,TRD2022122604863,JNE,17148,98356,0733272201242194,REG23,,
16704,TRD2022122604894,JNE,17148,98314,0733272201242509,REG23,,
16798,TRD2022122605451,JNE,17148,98314,0733272201244190,REG23,,
16816,TRD2022122605512,JNE,17148,98315,0733272201245148,REG23,,
16830,TRD2022122605596,JNE,17148,98355,0733272201245296,REG23,,
16855,TRD2022122605753,JNE,17148,98356,0733272201246062,REG23,,
16865,TRD2022122605805,JNE,17148,98314,0733272201246625,REG23,,
16947,TRD2022122606434,JNE,45556,98314,2534902200983433,REG23,,
16964,TRD2022122606470,JNE,45556,98356,2534902200983847,REG23,,
17008,TRD2022122606971,JNE,17148,98356,0733272201249868,REG23,,
17011,TRD2022122606992,JNE,17148,98315,0733272201250759,REG23,,
17066,TRD2022122704264,JNE,17148,98362,0733272201252607,REG23,,
17067,TRD2022122704265,JNE,17148,98314,0733272201252615,REG23,,
17118,TRD2022122705020,JNE,17148,98355,0733272201255261,REG23,,
17136,TRD2022122705082,JNE,17148,98355,0733272201255659,REG23,,
17140,TRD2022122705086,JNE,17148,98314,0733272201255790,REG23,,
17153,TRD2022122705108,JNE,17148,98314,0733272201256004,REG23,,
17165,TRD2022122705132,JNE,17148,98362,0733272201256756,REG23,,
17195,TRD2022122705304,JNE,17148,98355,0733272201253548,REG23,,
17237,TRD2022122705602,JNE,45556,98315,2534902200985073,REG23,,
17247,TRD2022122705799,JNE,11450,98315,0136932200486737,REG23,,
17295,TRD2022122706609,JNE,17148,98315,0733272201258570,REG23,,
17296,TRD2022122706610,JNE,17148,98314,0733272201258620,REG23,,
17333,TRD2022122803542,JNE,17148,98314,0733272201259784,REG23,,
17337,TRD2022122803561,JNE,17148,98314,0733272201259891,REG23,,
17354,TRD2022122803618,JNE,17148,98355,0733272201260360,REG23,,
17456,TRD2022122806537,JNE,17148,98315,0733272201262200,REG23,,
17471,TRD2022122806581,JNE,17148,98314,0733272201262366,REG23,,
17489,TRD2022122806639,JNE,17148,98315,0733272201262648,REG23,,
17507,TRD2022122806709,JNE,17148,98352,0733272201263364,REG23,,
17513,TRD2022122806720,JNE,17148,98315,0733272201263554,REG23,,
17514,TRD2022122806726,JNE,17148,98314,0733272201263430,REG23,,
17517,TRD2022122806736,JNE,17148,98314,0733272201263778,REG23,,
17537,TRD2022122807166,JNE,17148,98314,0733272201264834,REG23,,
17590,TRD2022122904430,JNE,17148,98314,0733272201266854,REG23,,
17594,TRD2022122904440,JNE,17148,98314,0733272201266995,REG23,,
17700,TRD2022122905182,JNE,17148,98314,0733272201267738,REG23,,
17720,TRD2022122905260,JNE,17148,98352,0733272201268520,REG23,,
17734,TRD2022122905356,JNE,17148,98314,0733272201269544,REG23,,
17754,TRD2022122905425,JNE,17148,98314,0733272201270492,REG23,,
17757,TRD2022122905434,JNE,17148,98314,0733272201270567,REG23,,
17760,TRD2022122905452,JNE,17148,98363,0733272201270674,REG23,,
17765,TRD2022122905473,JNE,17148,98314,0733272201271037,REG23,,
17774,TRD2022122905503,JNE,17148,98314,0733272201271342,REG23,,
17778,TRD2022122905517,JNE,17148,98356,0733272201271417,REG23,,
17789,TRD2022122905562,JNE,17148,98352,0733272201272340,REG23,,
17857,TRD2022122907725,JNE,17148,98356,0733272201275012,REG23,,
17862,TRD2022122907735,JNE,17148,98363,0733272201275194,REG23,,
18004,TRD2022123007072,JNE,11450,98314,0136932200493261,REG23,,
18009,TRD2022123007080,JNE,11450,98314,0136932200493386,REG23,,
18019,TRD2022123007519,JNE,17148,98362,0733272201278115,REG23,,
18028,TRD2022123007545,JNE,17148,98362,0733272201278388,REG23,,
18031,TRD2022123007925,JNE,17148,98314,0733272201278487,REG23,,
18033,TRD2022123007928,JNE,17148,98355,0733272201278503,REG23,,
18038,TRD2022123007937,JNE,17148,98355,0733272201278586,REG23,,
18042,TRD2022123007951,JNE,17148,98315,0733272201278669,REG23,,
18053,TRD2022123007971,JNE,17148,98314,0733272201278982,REG23,,
18055,TRD2022123007973,JNE,17148,98352,0733272201278941,REG23,,
18056,TRD2022123007977,JNE,17148,98315,0733272201279048,REG23,,
18058,TRD2022123007982,JNE,17148,98314,0733272201279071,REG23,,
18073,TRD2022123008028,JNE,17148,98356,0733272201279550,REG23,,
18077,TRD2022123008038,JNE,17148,98314,0733272201279642,REG23,,
18123,TRD2022123008192,JNE,17148,98314,0733272201280657,REG23,,
18125,TRD2022123008202,JNE,17148,98314,0733272201280707,REG23,,
18148,TRD2022123009089,JNE,17148,98315,0733272201281242,REG23,,
18149,TRD2022123009091,JNE,17148,98314,0733272201281259,REG23,,
18151,TRD2022123009103,JNE,17148,98314,0733272201281382,REG23,,
18159,TRD2022123009124,JNE,17148,98314,0733272201281614,REG23,,
18225,TRD2022123105460,JNE,45556,98314,2534902200991097,REG23,,
18257,TRD2022123105697,JNE,17148,98314,0733272201284139,REG23,,
18259,TRD2022123105704,JNE,17148,98315,0733272201284204,REG23,,
18262,TRD2022123105725,JNE,17148,98314,0733272201284394,REG23,,
18288,TRD2022123105961,JNE,17148,98314,0733272201284642,REG23,,
18293,TRD2022123105982,JNE,17148,98314,0733272201284840,REG23,,
18294,TRD2022123105986,JNE,17148,98362,0733272201284907,REG23,,
18301,TRD2022123106011,JNE,17148,98314,0733272201285185,REG23,,
18311,TRD2022123106043,JNE,17148,98315,0733272201285383,REG23,,
18315,TRD2022123106052,JNE,17148,98315,0733272201285490,REG23,,
18323,TRD2022123106073,JNE,17148,98314,0733272201285730,REG23,,
18346,TRD2022123106144,JNE,17148,98314,0733272201286498,REG23,,
18581,TRD2023010208153,JNE,17148,98314,0733272300000105,REG23,,
18639,TRD2023010208447,JNE,17148,98314,0733272300001046,REG23,,
18640,TRD2023010208450,JNE,17148,98362,0733272300001293,REG23,,
18646,TRD2023010208467,JNE,17148,98315,0733272300001228,REG23,,
18650,TRD2023010208473,JNE,17148,98315,0733272300001384,REG23,,
18651,TRD2023010208476,JNE,17148,98314,0733272300001350,REG23,,
18652,TRD2023010208478,JNE,17148,98353,0733272300001376,REG23,,
18659,TRD2023010208497,JNE,17148,98314,0733272300001442,REG23,,
18668,TRD2023010208514,JNE,17148,98315,0733272300001673,REG23,,
18683,TRD2023010208541,JNE,17148,98315,0733272300002036,REG23,,
18695,TRD2023010208570,JNE,17148,98355,0733272300002333,REG23,,
18696,TRD2023010208571,JNE,17148,98314,0733272300002309,REG23,,
18697,TRD2023010208585,JNE,17148,98314,0733272300002531,REG23,,
18699,TRD2023010208596,JNE,17148,98353,0733272300002481,REG23,,
18746,TRD2023010209339,JNE,11450,98315,0136932300002772,REG23,,
18768,TRD2023010210656,JNE,17148,98314,0733272300003059,REG23,,
18769,TRD2023010210663,JNE,17148,98315,0733272300003224,REG23,,
18826,TRD2023010210894,JNE,17148,76114,0733272300005427,REG23,,
18893,TRD2023010212022,JNE,17148,98315,0733272300006813,REG23,,
18896,TRD2023010212029,JNE,17148,98314,0733272300007019,REG23,,
18911,TRD2023010212090,JNE,17148,98314,0733272300007662,REG23,,
18913,TRD2023010212100,JNE,17148,98356,0733272300007787,REG23,,
18945,TRD2023010304624,JNE,45556,98315,2534902300003892,REG23,,
19090,TRD2023010307260,JNE,17148,98356,0733272300010500,REG23,,
19102,TRD2023010307287,JNE,17148,98315,0733272300010823,REG23,,
19108,TRD2023010307301,JNE,17148,98314,0733272300011037,REG23,,
19114,TRD2023010307318,JNE,17148,98314,0733272300011128,REG23,,
19115,TRD2023010307319,JNE,17148,98355,0733272300011169,REG23,,
19128,TRD2023010307364,JNE,17148,98314,0733272300011573,REG23,,
19132,TRD2023010307378,JNE,17148,98314,0733272300011649,REG23,,
19140,TRD2023010307423,JNE,17148,98314,0733272300011888,REG23,,
19191,TRD2023010307696,JNE,17148,98356,0733272300013678,REG23,,
19216,TRD2023010308278,JNE,17148,98362,0733272300014403,REG23,,
19297,TRD2023010405556,JNE,45556,98314,2534902300004791,REG23,,
19389,TRD2023010409027,JNE,17148,98314,0733272300016648,REG23,,
19428,TRD2023010409133,JNE,17148,98355,0733272300017729,REG23,,
19435,TRD2023010409153,JNE,17148,98314,0733272300017844,REG23,,
19460,TRD2023010410621,JNE,17148,98315,0733272300018255,REG23,,
19462,TRD2023010410637,JNE,17148,98314,0733272300018321,REG23,,
19466,TRD2023010410659,JNE,17148,98315,0733272300018438,REG23,,
19484,TRD2023010411661,JNE,17148,98314,0733272300019840,REG23,,
19491,TRD2023010411680,JNE,17148,98356,0733272300020053,REG23,,
19660,TRD2023010506220,JNE,17148,98314,0733272300023800,REG23,,
19687,TRD2023010506303,JNE,17148,98314,0733272300025276,REG23,,
19728,TRD2023010506473,JNE,17148,98314,0733272300025870,REG23,,
19734,TRD2023010506484,JNE,17148,98314,0733272300026068,REG23,,
19736,TRD2023010506487,JNE,17148,98314,0733272300025987,REG23,,
19761,TRD2023010508066,JNE,17148,98355,0733272300026498,REG23,,
19762,TRD2023010508068,JNE,17148,98314,0733272300026647,REG23,,
19768,TRD2023010508076,JNE,17148,98315,0733272300026449,REG23,,
19782,TRD2023010508126,JNE,17148,98314,0733272300027041,REG23,,
19790,TRD2023010508147,JNE,17148,98314,0733272300027223,REG23,,
19793,TRD2023010508160,JNE,17148,98315,0733272300027348,REG23,,
19794,TRD2023010508165,JNE,17148,98315,0733272300027447,REG23,,
19796,TRD2023010508169,JNE,17148,98315,0733272300027363,REG23,,
19798,TRD2023010508172,JNE,17148,98315,0733272300027496,REG23,,
19831,TRD2023010511047,JNE,45556,98355,2534902300008974,REG23,,
19888,TRD2023010512007,JNE,17148,98314,0733272300029401,REG23,,
19936,TRD2023010603983,JNE,17148,98314,0733272300031449,REG23,,
20,TRD2023010604536,JNE,45556,98362,2534902300010251,REG23,,
27,TRD2023010604562,JNE,17148,98315,0733272300031845,REG23,,
57,TRD2023010605279,JNE,17148,98314,0733272300031969,REG23,,
71,TRD2023010605310,JNE,17148,98315,0733272300032264,REG23,,
74,TRD2023010605314,JNE,17148,98315,0733272300032314,REG23,,
77,TRD2023010605319,JNE,17148,98314,0733272300032371,REG23,,
103,TRD2023010605374,JNE,17148,98315,0733272300032926,REG23,,
117,TRD2023010606811,JNE,45556,98314,2534902300011143,REG23,,
132,TRD2023010607612,JNE,17148,98314,0733272300033775,REG23,,
139,TRD2023010607633,JNE,17148,98363,0733272300034476,REG23,,
140,TRD2023010607634,JNE,17148,98314,0733272300034054,REG23,,
215,TRD2023010705632,JNE,17148,98314,0733272300035713,REG23,,
317,TRD2023010706163,JNE,17148,98356,0733272300036612,REG23,,
320,TRD2023010706169,JNE,17148,98315,0733272300037263,REG23,,
322,TRD2023010706174,JNE,17148,98362,0733272300037099,REG23,,
330,TRD2023010706212,JNE,17148,98314,0733272300037107,REG23,,
343,TRD2023010707087,JNE,45556,98314,2534902300012950,REG23,,
345,TRD2023010707091,JNE,45556,98314,2534902300012752,REG23,,
348,TRD2023010707097,JNE,45556,98314,2534902300012844,REG23,,
393,TRD2023010707513,JNE,17148,98315,0733272300038907,REG23,,
592,TRD2023010909586,JNE,17148,98314,0733272300042743,REG23,,
638,TRD2023010909793,JNE,45556,98314,2534902300014170,REG23,,
650,TRD2023010909820,JNE,45556,98314,2534902300014147,REG23,,
718,TRD2023010910032,JNE,17148,98315,0733272300045647,REG23,,
719,TRD2023010910036,JNE,17148,98315,0733272300046215,REG23,,
722,TRD2023010910042,JNE,17148,98356,0733272300045548,REG23,,
724,TRD2023010910044,JNE,17148,98314,0733272300046165,REG23,,
727,TRD2023010910061,JNE,17148,98315,0733272300046116,REG23,,
735,TRD2023010910091,JNE,45556,98314,2534902300014626,REG23,,
776,TRD2023010910282,JNE,45556,98314,2534902300015177,REG23,,
780,TRD2023010910291,JNE,45556,98314,2534902300014931,REG23,,
797,TRD2023010910344,JNE,45556,98314,2534902300015698,REG23,,
800,TRD2023010910350,JNE,45556,98314,2534902300015797,REG23,,
814,TRD2023010910386,JNE,45556,98315,2534902300015318,REG23,,
819,TRD2023010910396,JNE,45556,98314,2534902300015508,REG23,,
838,TRD2023010911804,JNE,45556,98353,2534902300016431,REG23,,
921,TRD2023010912700,JNE,17148,98355,0733272300049672,REG23,,
984,TRD2023011003516,JNE,17148,98314,0733272300051462,REG23,,
985,TRD2023011003517,JNE,17148,98314,0733272300051520,REG23,,
1045,TRD2023011003916,JNE,17148,98356,0733272300051967,REG23,,
1065,TRD2023011003979,JNE,17148,98355,0733272300052254,REG23,,
1069,TRD2023011003992,JNE,17148,98314,0733272300052445,REG23,,
1071,TRD2023011003996,JNE,17148,98314,0733272300052411,REG23,,
1093,TRD2023011005366,JNE,17148,98314,0733272300053005,REG23,,
1241,TRD2023011105477,JNE,17148,98314,0733272300055745,REG23,,
1255,TRD2023011105503,JNE,17148,98356,0733272300055620,REG23,,
1274,TRD2023011105570,JNE,17148,98363,0733272300055992,REG23,,
1279,TRD2023011105612,JNE,17148,98314,0733272300056321,REG23,,
1283,TRD2023011105619,JNE,17148,98362,0733272300056206,REG23,,
1390,TRD2023011107422,JNE,11450,98362,0136932300022515,REG23,,
1493,TRD2023011204329,JNE,17148,98314,0733272300059036,REG23,,
1497,TRD2023011204349,JNE,17148,98356,0733272300059044,REG23,,
1546,TRD2023011204545,JNE,17148,98314,0733272300062204,REG23,,
1547,TRD2023011204547,JNE,17148,98314,0733272300062451,REG23,,
1549,TRD2023011204551,JNE,17148,98355,0733272300061818,REG23,,
1550,TRD2023011204552,JNE,17148,98314,0733272300061644,REG23,,
1596,TRD2023011204710,JNE,17148,98314,0733272300059911,REG23,,
1614,TRD2023011204765,JNE,17148,98355,0733272300060414,REG23,,
1623,TRD2023011204793,JNE,17148,98314,0733272300061099,REG23,,
1641,TRD2023011204845,JNE,17148,98315,0733272300063947,REG23,,
1646,TRD2023011204867,JNE,17148,98356,0733272300064085,REG23,,
1735,TRD2023011206529,JNE,45556,98314,2534902300021894,REG23,,
1745,TRD2023011206940,JNE,45556,98355,2534902300022124,REG23,,
1746,TRD2023011206941,JNE,45556,98356,2534902300022389,REG23,,
1845,TRD2023011303891,JNE,17148,98314,0733272300068367,REG23,,
1881,TRD2023011304047,JNE,17148,98315,0733272300069753,REG23,,
1895,TRD2023011304131,JNE,17148,98314,0733272300069217,REG23,,
1936,TRD2023011304492,JNE,17148,98356,0733272300070918,REG23,,
1941,TRD2023011304506,JNE,17148,98314,0733272300070629,REG23,,
1993,TRD2023011305178,JNE,45556,98314,2534902300023957,REG23,,
1998,TRD2023011305188,JNE,45556,98362,2534902300024054,REG23,,
2009,TRD2023011305976,JNE,45556,98314,2534902300024377,REG23,,
2114,TRD2023011404275,JNE,45556,98314,2534902300025085,REG23,,
2115,TRD2023011404278,JNE,45556,98314,2534902300025218,REG23,,
2127,TRD2023011404324,JNE,45556,98355,2534902300025630,REG23,,
2151,TRD2023011404401,JNE,17148,98314,0733272300074639,REG23,,
2218,TRD2023011404696,JNE,17148,98314,0733272300075842,REG23,,
2226,TRD2023011404718,JNE,17148,98314,0733272300075941,REG23,,
2268,TRD2023011404889,JNE,45556,98315,2534902300026430,REG23,,
2279,TRD2023011404924,JNE,45556,98314,2534902300026257,REG23,,
2283,TRD2023011405271,JNE,45556,98314,2534902300026844,REG23,,
2286,TRD2023011405291,JNE,45556,98314,2534902300027040,REG23,,
2293,TRD2023011405311,JNE,45556,98355,2534902300027149,REG23,,
2412,TRD2023011606202,JNE,45556,98352,2534902300027651,REG23,,
2448,TRD2023011606342,JNE,45556,98314,2534902300027818,REG23,,
2450,TRD2023011606346,JNE,45556,98314,2534902300027834,REG23,,
2453,TRD2023011606352,JNE,45556,98314,2534902300027859,REG23,,
2455,TRD2023011606354,JNE,45556,98314,2534902300027875,REG23,,
2477,TRD2023011606412,JNE,45556,98355,2534902300028683,REG23,,
2478,TRD2023011606415,JNE,45556,98314,2534902300029087,REG23,,
2525,TRD2023011607099,JNE,17148,98352,0733272300082368,REG23,,
2601,TRD2023011611208,JNE,45556,98353,2534902300029491,REG23,,
2608,TRD2023011611231,JNE,45556,98314,2534902300030085,REG23,,
2610,TRD2023011611240,JNE,45556,98355,2534902300029632,REG23,,
2750,TRD2023011612511,JNE,17148,98356,0733272300086401,REG23,,
2761,TRD2023011612548,JNE,17148,98314,0733272300086823,REG23,,
2762,TRD2023011612549,JNE,17148,98355,0733272300086997,REG23,,
2774,TRD2023011612583,JNE,17148,98315,0733272300087177,REG23,,
2777,TRD2023011612597,JNE,17148,98314,0733272300087300,REG23,,
2828,TRD2023011703684,JNE,45556,98361,2534902300031570,REG23,,
2881,TRD2023011703936,JNE,17148,98314,0733272300088878,REG23,,
2883,TRD2023011703943,JNE,17148,98314,0733272300088944,REG23,,
2909,TRD2023011704099,JNE,45556,98314,2534902300031984,REG23,,
2912,TRD2023011704104,JNE,45556,98314,2534902300031968,REG23,,
2918,TRD2023011704113,JNE,45556,98355,2534902300032156,REG23,,
2960,TRD2023011704407,JNE,45556,98355,2534902300032461,REG23,,
2962,TRD2023011704773,JNE,17148,98314,0733272300090650,REG23,,
3004,TRD2023011705835,JNE,17148,98355,0733272300091658,REG23,,
3008,TRD2023011705848,JNE,17148,98356,0733272300092292,REG23,,
3025,TRD2023011705879,JNE,17148,98314,0733272300092243,REG23,,
3047,TRD2023011803267,JNE,17148,98315,0733272300092953,REG23,,
3120,TRD2023011803590,JNE,45556,98353,2534902300032784,REG23,,
3143,TRD2023011803722,JNE,45556,98314,2534902300032990,REG23,,
3181,TRD2023011804466,JNE,45556,98362,2534902300033378,REG23,,
3185,TRD2023011804475,JNE,45556,98314,2534902300033261,REG23,,
3199,TRD2023011804500,JNE,45556,98356,2534902300033618,REG23,,
3204,TRD2023011804513,JNE,45556,98314,2534902300033535,REG23,,
3213,TRD2023011805604,JNE,45556,98314,2534902300033824,REG23,,
3322,TRD2023011904408,JNE,45556,98315,2534902300035050,REG23,,
3324,TRD2023011904410,JNE,45556,98314,2534902300034970,REG23,,
3327,TRD2023011904417,JNE,45556,98315,2534902300034962,REG23,,
3329,TRD2023011904424,JNE,45556,98315,2534902300034855,REG23,,
3348,TRD2023011904482,JNE,45556,98314,2534902300035423,REG23,,
3380,TRD2023011904644,JNE,45556,98352,2534902300035720,REG23,,
3385,TRD2023011904653,JNE,45556,98355,2534902300035829,REG23,,
3396,TRD2023011904679,JNE,45556,98314,2534902300035985,REG23,,
3398,TRD2023011904682,JNE,45556,98352,2534902300036140,REG23,,
3399,TRD2023011904683,JNE,45556,98355,2534902300035902,REG23,,
3404,TRD2023011904699,JNE,45556,98359,2534902300036173,REG23,,
3546,TRD2023012003324,JNE,45556,98315,2534902300036744,REG23,,
3548,TRD2023012003329,JNE,45556,98352,2534902300036793,REG23,,
3608,TRD2023012003689,JNE,45556,98314,2534902300037023,REG23,,
3625,TRD2023012003757,JNE,45556,98314,2534902300037122,REG23,,
3626,TRD2023012003761,JNE,45556,98314,2534902300037338,REG23,,
3639,TRD2023012003797,JNE,45556,98314,2534902300037536,REG23,,
3677,TRD2023012004023,JNE,45556,98315,2534902300037874,REG23,,
3681,TRD2023012004033,JNE,45556,98362,2534902300037973,REG23,,
3682,TRD2023012004038,JNE,45556,98362,2534902300037940,REG23,,
3683,TRD2023012004593,JNE,45556,98355,2534902300038054,REG23,,
3747,TRD2023012103727,JNE,17148,98355,0733272300105318,REG23,,
3812,TRD2023012104208,JNE,45556,98315,2534902300038971,REG23,,
3818,TRD2023012104531,JNE,45556,98314,2534902300039243,REG23,,
3819,TRD2023012104536,JNE,45556,98314,2534902300039227,REG23,,
3832,TRD2023012104581,JNE,45556,98315,2534902300039581,REG23,,
3865,TRD2023012104716,JNE,45556,98315,2534902300039847,REG23,,
3916,TRD2023012105626,JNE,17148,98314,0733272300107066,REG23,,
3917,TRD2023012105630,JNE,17148,98363,0733272300107090,REG23,,
3957,TRD2023012105887,JNE,17148,98355,0733272300108445,REG23,,
3964,TRD2023012303527,JNE,17148,98362,0733272300108973,REG23,,
4078,TRD2023012305408,JNE,17148,98315,0733272300109971,REG23,,
4092,TRD2023012305468,JNE,11450,98362,0136932300047702,REG23,,
4205,TRD2023012306060,JNE,45556,98315,2534902300041728,REG23,,
4209,TRD2023012306071,JNE,45556,98314,2534902300042130,REG23,,
4226,TRD2023012306110,JNE,45556,98363,2534902300041983,REG23,,
4283,TRD2023012306429,JNE,45556,98314,2534902300042999,REG23,,
4291,TRD2023012306466,JNE,45556,98356,2534902300043229,REG23,,
4295,TRD2023012306479,JNE,45556,98314,2534902300043237,REG23,,
4312,TRD2023012307179,JNE,45556,98314,2534902300043716,REG23,,
4321,TRD2023012307233,JNE,45556,98352,2534902300044102,REG23,,
4338,TRD2023012307654,JNE,17148,98315,0733272300112504,REG23,,
4365,TRD2023012307798,JNE,17148,98315,0733272300113064,REG23,,
4437,TRD2023012404814,JNE,45556,98314,2534902300044896,REG23,,
4618,TRD2023012504022,JNE,45556,98314,2534902300046172,REG23,,
4619,TRD2023012504023,JNE,45556,98314,2534902300046263,REG23,,
4677,TRD2023012505987,JNE,45556,98314,2534902300047733,REG23,,
4732,TRD2023012506254,JNE,45556,98315,2534902300050083,REG23,,
4823,TRD2023012603788,JNE,45556,98314,2534902300053145,REG23,,
4922,TRD2023012604568,JNE,45556,98362,2534902300054507,REG23,,
4924,TRD2023012604582,JNE,45556,98314,2534902300054655,REG23,,
4926,TRD2023012604591,JNE,45556,98314,2534902300054861,REG23,,
4947,TRD2023012604666,JNE,45556,98314,2534902300055256,REG23,,
4953,TRD2023012604689,JNE,45556,98314,2534902300055447,REG23,,
5088,TRD2023012703708,JNE,45556,98352,2534902300055785,REG23,,
5090,TRD2023012703710,JNE,45556,98315,2534902300055777,REG23,,
5149,TRD2023012704072,JNE,45556,98314,2534902300056742,REG23,,
5159,TRD2023012704107,JNE,45556,98314,2534902300056932,REG23,,
5244,TRD2023012705144,JNE,11450,98314,0136932300066090,REG23,,
5245,TRD2023012705146,JNE,11450,98315,0136932300066660,REG23,,
5248,TRD2023012705155,JNE,11450,98314,0136932300066439,REG23,,
5318,TRD2023012802993,JNE,45556,98314,2534902300058359,REG23,,
5406,TRD2023012803701,JNE,45556,98362,2534902300058789,REG23,,
5417,TRD2023012803743,JNE,45556,98314,2534902300058987,REG23,,
5447,TRD2023012804877,JNE,17148,98362,0733272300126785,REG23,,
5475,TRD2023012804976,JNE,17148,98314,0733272300127452,REG23,,
5507,TRD2023013005954,JNE,45556,98315,2534902300059852,REG23,,
5592,TRD2023013007235,JNE,45556,98314,2534902300060579,REG23,,
5594,TRD2023013007238,JNE,45556,98356,2534902300061049,REG23,,
5596,TRD2023013007257,JNE,45556,98314,2534902300060892,REG23,,
5711,TRD2023013008046,JNE,45556,98314,2534902300062146,REG23,,
5712,TRD2023013008050,JNE,45556,98354,2534902300062120,REG23,,
5721,TRD2023013008072,JNE,45556,98315,2534902300061932,REG23,,
5723,TRD2023013008108,JNE,45556,98363,2534902300062401,REG23,,
5724,TRD2023013008110,JNE,45556,98362,2534902300062484,REG23,,
5729,TRD2023013008122,JNE,45556,98314,2534902300062419,REG23,,
5731,TRD2023013008127,JNE,45556,98315,2534902300062328,REG23,,
5812,TRD2023013009459,JNE,17148,98363,0733272300138285,REG23,,
5813,TRD2023013009462,JNE,17148,98314,0733272300137899,REG23,,
5822,TRD2023013009487,JNE,17148,98352,0733272300137733,REG23,,
5911,TRD2023013104714,JNE,45556,98314,2534902300062625,REG23,,
5947,TRD2023013105325,JNE,45556,98315,2534902300063185,REG23,,
5956,TRD2023013105650,JNE,45556,98314,2534902300063540,REG23,,
5962,TRD2023013105661,JNE,45556,98314,2534902300063672,REG23,,
5963,TRD2023013105666,JNE,45556,98314,2534902300063565,REG23,,
5967,TRD2023013105852,JNE,45556,98315,2534902300063912,REG23,,
5968,TRD2023013105853,JNE,45556,98314,2534902300063896,REG23,,
6014,TRD2023013106049,JNE,45556,98314,2534902300064118,REG23,,
6075,TRD2023013106757,JNE,17148,98314,0733272300144416,REG23,,
6153,TRD2023020103912,JNE,17148,98314,0733272300147179,REG23,,
6163,TRD2023020104067,JNE,45556,98314,2534902300064480,REG23,,
6164,TRD2023020104071,JNE,45556,98352,2534902300064589,REG23,,
6165,TRD2023020104072,JNE,45556,98314,2534902300064605,REG23,,
6168,TRD2023020104083,JNE,45556,98314,2534902300064464,REG23,,
6215,TRD2023020104383,JNE,45556,98356,2534902300065016,REG23,,
6253,TRD2023020104696,JNE,45556,98315,2534902300065131,REG23,,
6254,TRD2023020104702,JNE,45556,98314,2534902300065321,REG23,,
6261,TRD2023020104714,JNE,45556,98314,2534902300065180,REG23,,
6262,TRD2023020104715,JNE,45556,98314,2534902300065396,REG23,,
6268,TRD2023020104750,JNE,45556,98314,2534902300065701,REG23,,
6275,TRD2023020104765,JNE,45556,98314,2534902300065529,REG23,,
6296,TRD2023020105044,JNE,45556,98314,2534902300065909,REG23,,
6312,TRD2023020106226,JNE,17148,98315,0733272300149142,REG23,,
6326,TRD2023020106266,JNE,17148,98315,0733272300149522,REG23,,
6337,TRD2023020106346,JNE,17148,98314,0733272300150330,REG23,,
6441,TRD2023020204135,JNE,45556,98362,2534902300067731,REG23,,
6445,TRD2023020204158,JNE,45556,98314,2534902300067475,REG23,,
6578,TRD2023020205974,JNE,17148,98315,0733272300155933,REG23,,
6592,TRD2023020206009,JNE,17148,98314,0733272300155057,REG23,,
6602,TRD2023020206034,JNE,17148,98314,0733272300155453,REG23,,
6609,TRD2023020206059,JNE,17148,98314,0733272300155560,REG23,,
6661,TRD2023020304103,JNE,45556,98315,2534902300068531,REG23,,
6670,TRD2023020304160,JNE,45556,98352,2534902300069182,REG23,,
6672,TRD2023020304181,JNE,45556,98314,2534902300068952,REG23,,
6755,TRD2023020305866,JNE,45556,98314,2534902300070529,REG23,,
6758,TRD2023020305877,JNE,45556,98314,2534902300070461,REG23,,
6800,TRD2023020306200,JNE,45556,98314,2534902300070909,REG23,,
6858,TRD2023020307631,JNE,17148,98314,0733272300160008,REG23,,
6872,TRD2023020307682,JNE,17148,98314,0733272300161014,REG23,,
6876,TRD2023020307694,JNE,17148,98314,0733272300160560,REG23,,
6954,TRD2023020403104,JNE,45556,98359,2534902300073184,REG23,,
6956,TRD2023020403123,JNE,45556,98355,2534902300073234,REG23,,
6970,TRD2023020403166,JNE,45556,98314,2534902300073416,REG23,,
7085,TRD2023020405458,JNE,17148,98314,0733272300163937,REG23,,
7109,TRD2023020405605,JNE,17148,98314,0733272300164158,REG23,,
7111,TRD2023020405609,JNE,17148,98314,0733272300164323,REG23,,
7135,TRD2023020605529,JNE,17148,98315,0733272300166559,REG23,,
7137,TRD2023020605550,JNE,17148,98356,0733272300166617,REG23,,
7161,TRD2023020605814,JNE,45556,98314,2534902300074745,REG23,,
7386,TRD2023020607489,JNE,45556,98355,2534902300076179,REG23,,
7395,TRD2023020607520,JNE,45556,98314,2534902300076377,REG23,,
7406,TRD2023020607567,JNE,45556,98314,2534902300076864,REG23,,
7413,TRD2023020607588,JNE,45556,98314,2534902300077300,REG23,,
7414,TRD2023020607591,JNE,45556,98314,2534902300076922,REG23,,
7419,TRD2023020607617,JNE,45556,98315,2534902300077961,REG23,,
7422,TRD2023020607627,JNE,45556,98314,2534902300077441,REG23,,
7445,TRD2023020607714,JNE,45556,98315,2534902300077623,REG23,,
7515,TRD2023020608774,JNE,45556,98314,2534902300080098,REG23,,
7539,TRD2023020608864,JNE,45556,98315,2534902300080023,REG23,,
7556,TRD2023020609580,JNE,17148,98315,0733272300171609,REG23,,
7557,TRD2023020609582,JNE,17148,98362,0733272300171864,REG23,,
7599,TRD2023020703734,JNE,17148,98314,0733272300173241,REG23,,
7689,TRD2023020704394,JNE,45556,98315,2534902300081088,REG23,,
7695,TRD2023020704416,JNE,45556,98356,2534902300081237,REG23,,
7697,TRD2023020704419,JNE,45556,98314,2534902300081203,REG23,,
7698,TRD2023020704421,JNE,45556,98315,2534902300081468,REG23,,
7701,TRD2023020704432,JNE,45556,98356,2534902300081625,REG23,,
7724,TRD2023020704594,JNE,45556,98314,2534902300081914,REG23,,
7801,TRD2023020706050,JNE,17148,98314,0733272300176681,REG23,,
7807,TRD2023020706070,JNE,17148,98314,0733272300176251,REG23,,
7818,TRD2023020807882,JNE,17148,98314,0733272300177408,REG23,,
7969,TRD2023020809281,JNE,45556,98363,2534902300083852,REG23,,
7970,TRD2023020809286,JNE,45556,98356,2534902300083761,REG23,,
7974,TRD2023020809291,JNE,45556,98314,2534902300083878,REG23,,
7975,TRD2023020809300,JNE,45556,98314,2534902300083753,REG23,,
7977,TRD2023020809303,JNE,45556,98355,2534902300083936,REG23,,
7979,TRD2023020809310,JNE,45556,98314,2534902300084256,REG23,,
7982,TRD2023020809319,JNE,45556,98314,2534902300084074,REG23,,
7988,TRD2023020809336,JNE,45556,98314,2534902300084181,REG23,,
8011,TRD2023020810110,JNE,45556,98363,2534902300085402,REG23,,
8123,TRD2023020903937,JNE,45556,98314,2534902300085618,REG23,,
8124,TRD2023020903938,JNE,45556,98315,2534902300085741,REG23,,
8152,TRD2023020904051,JNE,45556,98314,2534902300085931,REG23,,
8157,TRD2023020904104,JNE,45556,98314,2534902300086335,REG23,,
8211,TRD2023020904575,JNE,45556,98315,2534902300086723,REG23,,
8218,TRD2023020905080,JNE,17148,98355,0733272300184081,REG23,,
8240,TRD2023020905530,JNE,45556,98314,2534902300087382,REG23,,
8293,TRD2023021003455,JNE,45556,98314,2534902300087952,REG23,,
8294,TRD2023021003484,JNE,45556,98352,2534902300088315,REG23,,
8298,TRD2023021003491,JNE,45556,98355,2534902300088257,REG23,,
8301,TRD2023021003499,JNE,45556,98314,2534902300088109,REG23,,
8302,TRD2023021003502,JNE,45556,98352,2534902300088224,REG23,,
8340,TRD2023021003832,JNE,11450,98365,0136932300112480,REG23,,
8366,TRD2023021005123,JNE,45556,98362,2534902300089511,REG23,,
8393,TRD2023021103524,JNE,45556,98314,2534902300089776,REG23,,
8395,TRD2023021103537,JNE,45556,98314,2534902300089917,REG23,,
8408,TRD2023021103670,JNE,45556,98314,2534902300090071,REG23,,
8410,TRD2023021103677,JNE,45556,98314,2534902300090097,REG23,,
8454,TRD2023021104192,JNE,45556,98314,2534902300090659,REG23,,
8455,TRD2023021104196,JNE,45556,98356,2534902300090741,REG23,,
8465,TRD2023021104732,JNE,45556,98356,2534902300091475,REG23,,
8466,TRD2023021104743,JNE,45556,98314,2534902300091517,REG23,,
8558,TRD2023021306102,JNE,45556,98314,2534902300092275,REG23,,
8559,TRD2023021306136,JNE,45556,98311,2534902300092762,REG23,,
8580,TRD2023021306350,JNE,45556,98314,2534902300093711,REG23,,
8682,TRD2023021308069,JNE,45556,98314,2534902300094750,REG23,,
8685,TRD2023021308082,JNE,45556,98355,2534902300094800,REG23,,
8701,TRD2023021309530,JNE,17148,98363,0733272300197737,REG23,,
8719,TRD2023021309645,JNE,17148,98314,0733272300198453,REG23,,
8722,TRD2023021309660,JNE,17148,98314,0733272300198727,REG23,,
8759,TRD2023021405172,JNE,45556,98353,2534902300095351,REG23,,
8813,TRD2023021405698,JNE,45556,98314,2534902300095849,REG23,,
8896,TRD2023021504218,JNE,45556,98311,2534902300097845,REG23,,
8909,TRD2023021504498,JNE,45556,98314,2534902300098058,REG23,,
8910,TRD2023021504503,JNE,45556,98314,2534902300098017,REG23,,
8942,TRD2023021505323,JNE,17148,98314,0733272300205811,REG23,,
8959,TRD2023021505816,JNE,45556,98355,2534902300099213,REG23,,
9039,TRD2023021603817,JNE,45556,98352,2534902300099650,REG23,,
9049,TRD2023021604255,JNE,45556,98356,2534902300100730,REG23,,
9052,TRD2023021604263,JNE,45556,98362,2534902300100649,REG23,,
9053,TRD2023021604267,JNE,45556,98355,2534902300100698,REG23,,
9100,TRD2023021606342,JNE,17148,98314,0733272300211231,REG23,,
9102,TRD2023021606365,JNE,17148,98356,0733272300211561,REG23,,
9137,TRD2023021703400,JNE,17148,98314,0733272300212700,REG23,,
9139,TRD2023021703424,JNE,45556,98352,2534902300101514,REG23,,
9142,TRD2023021703431,JNE,45556,98355,2534902300101472,REG23,,
9160,TRD2023021703796,JNE,45556,98311,2534902300102033,REG23,,
9181,TRD2023021704999,JNE,45556,98314,2534902300102066,REG23,,
9199,TRD2023021705438,JNE,45556,98355,2534902300102843,REG23,,
9205,TRD2023021705461,JNE,45556,98362,2534902300103049,REG23,,
9214,TRD2023021706147,JNE,17148,98314,0733272300215224,REG23,,
9228,TRD2023021801871,JNE,45556,98362,2534902300103122,REG23,,
9257,TRD2023021802594,JNE,45556,98314,2534902300103361,REG23,,
9284,TRD2023021802837,JNE,45556,98314,2534902300103932,REG23,,
9285,TRD2023021802838,JNE,45556,98355,2534902300103817,REG23,,
9322,TRD2023021803196,JNE,45556,98356,2534902300104757,REG23,,
9324,TRD2023021803201,JNE,45556,98353,2534902300104898,REG23,,
9344,TRD2023022009010,JNE,45556,98314,2534902300105077,REG23,,
9379,TRD2023022009311,JNE,17148,98314,0733272300220133,REG23,,
9464,TRD2023022010321,JNE,45556,98314,2534902300106166,REG23,,
9473,TRD2023022010365,JNE,45556,98355,2534902300106141,REG23,,
9475,TRD2023022010396,JNE,45556,98314,2534902300106729,REG23,,
9488,TRD2023022010874,JNE,45556,98314,2534902300107511,REG23,,
9491,TRD2023022010893,JNE,45556,98314,2534902300108055,REG23,,
9499,TRD2023022010929,JNE,45556,98363,2534902300108097,REG23,,
9547,TRD2023022011473,JNE,17148,98314,0733272300225157,REG23,,
9551,TRD2023022011537,JNE,17148,98355,0733272300225868,REG23,,
9609,TRD2023022104648,JNE,45556,98314,2534902300108923,REG23,,
9617,TRD2023022105109,JNE,17148,98362,0733272300228250,REG23,,
9665,TRD2023022105751,JNE,45556,98314,2534902300109236,REG23,,
9666,TRD2023022105756,JNE,45556,98314,2534902300109251,REG23,,
9706,TRD2023022106679,JNE,45556,98311,2534902300110127,REG23,,
9707,TRD2023022106813,JNE,45556,98363,2534902300110275,REG23,,
9773,TRD2023022204769,JNE,45556,98314,2534902300111174,REG23,,
9777,TRD2023022204806,JNE,45556,98355,2534902300111240,REG23,,
9835,TRD2023022206401,JNE,45556,98356,2534902300112396,REG23,,
9848,TRD2023022206576,JNE,17148,98314,0733272300236147,REG23,,
9850,TRD2023022206579,JNE,17148,98314,0733272300236162,REG23,,
9867,TRD2023022305044,JNE,17148,98363,0733272300237152,REG23,,
9909,TRD2023022305620,JNE,17148,98355,0733272300238580,REG23,,
9910,TRD2023022305631,JNE,17148,98352,0733272300238697,REG23,,
9926,TRD2023022306159,JNE,17148,98373,0733272300239307,REG23,,
9957,TRD2023022306632,JNE,11450,98314,0136932300154912,REG23,,
9981,TRD2023022307489,JNE,17148,98356,0733272300241642,REG23,,
9983,TRD2023022307506,JNE,17148,98314,0733272300241477,REG23,,
9987,TRD2023022307534,JNE,17148,98362,0733272300241964,REG23,,
10041,TRD2023022405525,JNE,11450,98311,0136932300159283,REG23,,
10044,TRD2023022405542,JNE,11450,98314,0136932300159606,REG23,,
10053,TRD2023022405618,JNE,17148,98362,0733272300242731,REG23,,
10058,TRD2023022405639,JNE,17148,98314,0733272300242764,REG23,,
10068,TRD2023022405687,JNE,17148,98314,0733272300243168,REG23,,
10082,TRD2023022405821,JNE,17148,98314,0733272300243747,REG23,,
10088,TRD2023022405870,JNE,17148,98362,0733272300244695,REG23,,
10112,TRD2023022407036,JNE,17148,98311,0733272300245221,REG23,,
10118,TRD2023022407162,JNE,17148,98355,0733272300245833,REG23,,
10158,TRD2023022505042,JNE,17148,98314,0733272300247805,REG23,,
10236,TRD2023022506115,JNE,17148,98311,0733272300249728,REG23,,
10239,TRD2023022506119,JNE,17148,98355,0733272300249959,REG23,,
10242,TRD2023022506126,JNE,17148,98314,0733272300249769,REG23,,
10263,TRD2023022506813,JNE,17148,98311,0733272300250544,REG23,,
10303,TRD2023022707328,JNE,61253,60172,6833602300001602,REG23,,
10315,TRD2023022707478,JNE,17148,98356,0733272300251344,REG23,,
10317,TRD2023022707480,JNE,17148,98353,0733272300251740,REG23,,
10371,TRD2023022708251,JNE,17148,98356,0733272300253266,REG23,,
10385,TRD2023022710807,JNE,17148,98314,0733272300260063,REG23,,
10386,TRD2023022710810,JNE,17148,98314,0733272300259776,REG23,,
10390,TRD2023022710820,JNE,17148,98352,0733272300259859,REG23,,
10475,TRD2023022711449,JNE,11450,98314,0136932300171288,REG23,,
10486,TRD2023022711565,JNE,17148,66291,0733272300261574,REG23,,
10524,TRD2023022711777,JNE,17148,98311,0733272300263570,REG23,,
10525,TRD2023022711781,JNE,17148,98362,0733272300263620,REG23,,
10526,TRD2023022711782,JNE,17148,98314,0733272300263984,REG23,,
10581,TRD2023022714148,JNE,17148,98362,0733272300266847,REG23,,
10677,TRD2023022805850,JNE,17148,98314,0733272300269908,REG23,,
10683,TRD2023022805906,JNE,17148,98362,0733272300269882,REG23,,
10694,TRD2023022805989,JNE,17148,98311,0733272300271854,REG23,,
10712,TRD2023022806359,JNE,17148,98314,0733272300272662,REG23,,
10764,TRD2023022806787,JNE,17148,98311,0733272300273512,REG23,,
10765,TRD2023022806792,JNE,17148,98362,0733272300274072,REG23,,
10766,TRD2023022806793,JNE,17148,98314,0733272300273983,REG23,,
10817,TRD2023030104520,JNE,61253,60227,6833602300002378,REG23,,
10823,TRD2023030105416,JNE,17148,98311,0733272300275699,REG23,,
10826,TRD2023030105431,JNE,17148,98362,0733272300275814,REG23,,
10828,TRD2023030105444,JNE,17148,98314,0733272300276481,REG23,,
10839,TRD2023030105489,JNE,17148,98314,0733272300276184,REG23,,
10853,TRD2023030105783,JNE,17148,98314,0733272300276671,REG23,,
10924,TRD2023030106416,JNE,11450,98314,0136932300178705,REG23,,
10925,TRD2023030106417,JNE,11450,98311,0136932300179208,REG23,,
10937,TRD2023030106544,JNE,17148,98355,0733272300280004,REG23,,
10943,TRD2023030106781,JNE,17148,98314,0733272300280533,REG23,,
10982,TRD2023030107770,JNE,17148,98355,0733272300282216,REG23,,
10983,TRD2023030107781,JNE,17148,98355,0733272300281960,REG23,,
10995,TRD2023030205065,JNE,61253,60293,6833602300003095,REG23,,
11053,TRD2023030207788,JNE,17148,98362,0733272300285979,REG23,,
11079,TRD2023030208267,JNE,17148,98365,0733272300287355,REG23,,
11080,TRD2023030208269,JNE,17148,98314,0733272300287496,REG23,,
11082,TRD2023030208293,JNE,17148,98314,0733272300287702,REG23,,
11084,TRD2023030208371,JNE,17148,98355,0733272300288049,REG23,,
11107,TRD2023030208542,JNE,11450,98314,0136932300183218,REG23,,
11122,TRD2023030208691,JNE,17148,98355,0733272300288544,REG23,,
11139,TRD2023030209382,JNE,17148,98362,0733272300289112,REG23,,
11154,TRD2023030209515,JNE,17148,98314,0733272300290227,REG23,,
11155,TRD2023030209524,JNE,17148,98314,0733272300290169,REG23,,
11224,TRD2023030306816,JNE,11450,98314,0136932300186310,REG23,,
11255,TRD2023030307187,JNE,17148,98356,0733272300291951,REG23,,
11257,TRD2023030307266,JNE,17148,98355,0733272300292090,REG23,,
11269,TRD2023030307363,JNE,17148,98314,0733272300292926,REG23,,
11272,TRD2023030307371,JNE,17148,98314,0733272300292967,REG23,,
11299,TRD2023030307770,JNE,17148,98314,0733272300295093,REG23,,
11318,TRD2023030308772,JNE,17148,98311,0733272300295945,REG23,,
11324,TRD2023030308810,JNE,17148,98314,0733272300296240,REG23,,
11337,TRD2023030308862,JNE,17148,98355,0733272300296703,REG23,,
11339,TRD2023030308866,JNE,17148,98311,0733272300295838,REG23,,
11366,TRD2023030405363,JNE,17148,98355,0733272300297263,REG23,,
11421,TRD2023030406072,JNE,17148,98314,0733272300299459,REG23,,
11464,TRD2023030607654,JNE,17148,98355,0733272300301248,REG23,,
11468,TRD2023030607686,JNE,17148,98314,0733272300301818,REG23,,
11471,TRD2023030607717,JNE,17148,98314,0733272300301685,REG23,,
11475,TRD2023030608011,JNE,17148,98362,0733272300302147,REG23,,
11478,TRD2023030608025,JNE,17148,98311,0733272300302287,REG23,,
11522,TRD2023030609017,JNE,17148,98353,0733272300302642,REG23,,
11556,TRD2023030609621,JNE,61253,60195,6833602300005421,REG23,,
11574,TRD2023030609824,JNE,17148,98314,0733272300304317,REG23,,
11581,TRD2023030609867,JNE,17148,98314,0733272300303749,REG23,,
11587,TRD2023030609894,JNE,17148,98314,0733272300303871,REG23,,
11593,TRD2023030609981,JNE,17148,98353,0733272300304671,REG23,,
11599,TRD2023030610932,JNE,45556,98362,2534902300119359,REG23,,
11695,TRD2023030706360,JNE,17148,98314,0733272300309308,REG23,,
11735,TRD2023030706754,JNE,17148,98362,0733272300310140,REG23,,
11754,TRD2023030708022,JNE,17148,98314,0733272300312310,REG23,,
11781,TRD2023030805373,JNE,61253,60138,6833602300006213,REG23,,
11797,TRD2023030805618,JNE,17148,98314,0733272300314134,REG23,,
11815,TRD2023030805853,JNE,17148,98355,0733272300314548,REG23,,
11826,TRD2023030805927,JNE,61253,60232,6833602300006676,REG23,,
11910,TRD2023030907868,JNE,17148,98355,0733272300317699,REG23,,
11913,TRD2023030907871,JNE,17148,98362,0733272300317822,REG23,,
11920,TRD2023030907899,JNE,17148,98362,0733272300318408,REG23,,
11930,TRD2023030907940,JNE,17148,98314,0733272300318093,REG23,,
11933,TRD2023030907952,JNE,17148,98356,0733272300318457,REG23,,
11943,TRD2023030908273,JNE,17148,98362,0733272300318689,REG23,,
11972,TRD2023030908653,JNE,17148,98314,0733272300319661,REG23,,
11979,TRD2023031006074,JNE,17148,98314,0733272300319984,REG23,,
11987,TRD2023031006115,JNE,17148,98355,0733272300320313,REG23,,
12026,TRD2023031006925,JNE,11450,98314,0136932300202109,REG23,,
12034,TRD2023031006983,JNE,17148,98355,0733272300321543,REG23,,
12035,TRD2023031006984,JNE,17148,98314,0733272300321550,REG23,,
12041,TRD2023031007243,JNE,17148,98355,0733272300321691,REG23,,
12081,TRD2023031008835,JNE,17148,98362,0733272300322822,REG23,,
12083,TRD2023031008839,JNE,17148,98314,0733272300323044,REG23,,
12085,TRD2023031008849,JNE,17148,98362,0733272300322921,REG23,,
12117,TRD2023031105664,JNE,17148,99910,0733272300323705,REG23,,
12143,TRD2023031106004,JNE,17148,98314,0733272300324539,REG23,,
12148,TRD2023031106034,JNE,17148,98314,0733272300324778,REG23,,
12153,TRD2023031106068,JNE,17148,98314,0733272300325064,REG23,,
12186,TRD2023031107235,JNE,17148,98352,0733272300326302,REG23,,
12187,TRD2023031107237,JNE,17148,98363,0733272300326575,REG23,,
12188,TRD2023031107243,JNE,17148,98314,0733272300326666,REG23,,
12194,TRD2023031107497,JNE,45556,98314,2534902300121751,REG23,,
12195,TRD2023031107662,JNE,61253,60161,6833602300008482,REG23,,
12224,TRD2023031309029,JNE,17148,98314,0733272300329884,REG23,,
12235,TRD2023031309244,JNE,45556,98362,2534902300122163,REG23,,
12316,TRD2023031310345,JNE,17148,98311,0733272300331005,REG23,,
12317,TRD2023031310355,JNE,17148,98362,0733272300331153,REG23,,
12337,TRD2023031310582,JNE,17148,98362,0733272300332573,REG23,,
12339,TRD2023031310588,JNE,17148,98314,0733272300331716,REG23,,
12346,TRD2023031310625,JNE,17148,98356,0733272300332060,REG23,,
12397,TRD2023031311789,JNE,17148,98314,0733272300334165,REG23,,
12465,TRD2023031405431,JNE,17148,98355,0733272300336442,REG23,,
12471,TRD2023031405453,JNE,17148,98353,0733272300336772,REG23,,
12495,TRD2023031405730,JNE,17148,98314,0733272300336897,REG23,,
12505,TRD2023031405840,JNE,11450,98314,0136932300208502,REG23,,
12626,TRD2023031512964,JNE,61253,60117,6833602300011023,REG23,,
12651,TRD2023031513339,JNE,17148,98363,0733272300341350,REG23,,
12667,TRD2023031513594,JNE,11450,98314,0136932300209922,REG23,,
12689,TRD2023031514047,JNE,17148,98373,0733272300342267,REG23,,
12719,TRD2023031605130,JNE,17148,98314,0733272300344206,REG23,,
12727,TRD2023031605250,JNE,17148,98314,0733272300344354,REG23,,
12737,TRD2023031605712,JNE,61253,60117,6833602300011551,REG23,,
12741,TRD2023031605729,JNE,17148,98352,0733272300344487,REG23,,
12764,TRD2023031605939,JNE,45556,98314,2534902300125224,REG23,,
12783,TRD2023031606210,JNE,11450,98311,0136932300211142,REG23,,
12785,TRD2023031606214,JNE,11450,98314,0136932300211118,REG23,,
12789,TRD2023031606231,JNE,11450,98311,0136932300211191,REG23,,
12792,TRD2023031606423,JNE,17148,98314,0733272300345468,REG23,,
12794,TRD2023031606431,JNE,17148,98314,0733272300345245,REG23,,
12797,TRD2023031606437,JNE,17148,98355,0733272300345401,REG23,,
12806,TRD2023031606483,JNE,17148,98314,0733272300345674,REG23,,
12807,TRD2023031606487,JNE,17148,98311,0733272300345666,REG23,,
12844,TRD2023031606868,JNE,61253,60264,6833602300011866,REG23,,
12853,TRD2023031606957,JNE,17148,98314,0733272300347530,REG23,,
12872,TRD2023031706049,JNE,17148,98314,0733272300348199,REG23,,
13536,TRD2022071904209,JNE,45556,98315,2534902200083655,REG23,,
13971,TRD2022102101452,JNE,16157,66229,0834012200039920,REG23,,
15159,TRD2022072800452,JNE,45556,98364,2534902200153136,REG23,,
15423,TRD2022080301228,JNE,45556,98357,2534902200193058,REG23,,
16399,TRD2022081802795,JNE,45556,98311,2534902200327169,REG23,,
16630,TRD2022082203225,JNE,11450,98311,0136932200116599,REG23,,
16792,TRD2022082401520,JNE,45556,98311,2534902200384012,REG23,,
16834,TRD2022082402466,JNE,11450,98364,0136932200138098,REG23,,
16916,TRD2022082502039,JNE,11450,98311,0136932200150895,REG23,,
16973,TRD2022082503092,JNE,45556,98311,2534902200400446,REG23,,
17253,TRD2022082702270,JNE,45556,98364,2534902200435467,REG23,,
17367,TRD2022082903558,JNE,45556,98311,2534902200446696,REG23,,
17762,TRD2022083102691,JNE,45556,98364,2534902200499687,REG23,,
18278,TRD2022090800548,JNE,17148,98364,0733272200158342,REG23,,
18563,TRD2022091203464,JNE,17148,98364,0733272200217387,REG23,,
19082,TRD2022091603371,JNE,17148,21272,0733272200307170,REG23,,
19678,TRD2022092401468,JNE,17148,98311,0733272200408432,REG23,,
19751,TRD2022092601734,JNE,17148,98357,0733272200425394,REG23,,
19760,TRD2022092601929,JNE,17148,98364,0733272200427390,REG23,,
19763,TRD2022092601998,JNE,17148,98311,0733272200428208,REG23,,
4,TRD2022092701910,JNE,45556,90234,2534902200697082,REG23,,
919,TRD2022100801721,JNE,17148,98364,0733272200648078,REG23,,
981,TRD2022101002125,JNE,17148,98364,0733272200660792,REG23,,
984,TRD2022101002191,JNE,17148,98357,0733272200661071,REG23,,
1037,TRD2022101003453,JNE,17148,98364,0733272200663978,REG23,,
1283,TRD2022101302298,JNE,45556,98364,2534902200808531,REG23,,
1441,TRD2022101703442,JNE,17148,98311,0733272200729241,REG23,,
1468,TRD2022101704181,JNE,17148,98311,0733272200730181,REG23,,
1564,TRD2022101803174,JNE,17148,98311,0733272200754652,REG23,,
1566,TRD2022101803201,JNE,17148,98364,0733272200755154,REG23,,
1758,TRD2022102102842,JNE,17148,98364,0733272200788148,REG23,,
1804,TRD2022102202204,JNE,17148,98364,0733272200795564,REG23,,
1807,TRD2022102202304,JNE,17148,98357,0733272200796497,REG23,,
1941,TRD2022102403482,JNE,17148,98357,0733272200808409,REG23,,
1959,TRD2022102404262,JNE,17148,98364,0733272200814894,REG23,,
2076,TRD2022102503151,JNE,17148,98364,0733272200826534,REG23,,
2211,TRD2022102701591,JNE,17148,98357,0733272200845732,REG23,,
2220,TRD2022102701854,JNE,17148,98357,0733272200848462,REG23,,
2346,TRD2022102804025,JNE,17148,98311,0733272200862455,REG23,,
2395,TRD2022102901866,JNE,17148,98364,0733272200865474,REG23,,
2442,TRD2022103102396,JNE,17148,98364,0733272200871134,REG23,,
2567,TRD2022103107462,JNE,17148,98364,0733272200889094,REG23,,
2570,TRD2022103107476,JNE,17148,98364,0733272200888294,REG23,,
2756,TRD2022110204029,JNE,17148,98364,0733272200910759,REG23,,
2897,TRD2022110501679,JNE,17148,98364,0733272200926110,REG23,,
2918,TRD2022110503402,JNE,17148,98364,0733272200928538,REG23,,
2920,TRD2022110503429,JNE,17148,98311,0733272200928785,REG23,,
2972,TRD2022110701811,JNE,17148,98364,0733272200933520,REG23,,
3064,TRD2022110705501,JNE,17148,98364,0733272200946035,REG23,,
3101,TRD2022110801495,JNE,17148,98364,0733272200950854,REG23,,
3312,TRD2022111002575,JNE,17148,98364,0733272200972916,REG23,,
3319,TRD2022111002801,JNE,17148,98364,0733272200974128,REG23,,
3359,TRD2022111102736,JNE,17148,98364,0733272200981545,REG23,,
3459,TRD2022111404515,JNE,45556,98364,2534902200945283,REG23,,
3534,TRD2022111502608,JNE,17148,98311,0733272201009106,REG23,,
3629,TRD2022111702432,JNE,17148,98357,0733272201024998,REG23,,
3676,TRD2022111802022,JNE,17148,98364,0733272201030995,REG23,,
3679,TRD2022111802048,JNE,17148,98357,0733272201031217,REG23,,
3697,TRD2022111901842,JNE,17148,98311,0733272201033965,REG23,,
3826,TRD2022112201297,JNE,11450,98364,0136932200410711,REG23,,
3854,TRD2022112202338,JNE,17148,98364,0733272201055075,REG23,,
3896,TRD2022112302459,JNE,17148,98364,0733272201063020,REG23,,
3933,TRD2022112402413,JNE,17148,98364,0733272201068318,REG23,,
3942,TRD2022112402949,JNE,17148,98364,0733272201069969,REG23,,
4109,TRD2022112805241,JNE,17148,98357,0733272201096186,REG23,,
4117,TRD2022112805596,JNE,17148,98311,0733272201099461,REG23,,
4118,TRD2022112805610,JNE,17148,98311,0733272201100467,REG23,,
4166,TRD2022112903253,JNE,17148,98311,0733272201106308,REG23,,
4208,TRD2022113002225,JNE,17148,98364,0733272201111225,REG23,,
4246,TRD2022120101979,JNE,17148,98311,0733272201116679,REG23,,
4255,TRD2022120102798,JNE,17148,98364,0733272201118527,REG23,,
4273,TRD2022120103040,JNE,17148,98311,0733272201120796,REG23,,
4434,TRD2022120502955,JNE,17148,98364,0733272201141248,REG23,,
4441,TRD2022120507252,JNE,17148,98311,0733272201143186,REG23,,
4445,TRD2022120507313,JNE,17148,98364,0733272201143749,REG23,,
4482,TRD2022120603628,JNE,17148,98311,0733272201149464,REG23,,
4600,TRD2022120802424,JNE,17148,98364,0733272201167995,REG23,,
4661,TRD2022120902961,JNE,17148,98357,0733272201175618,REG23,,
4665,TRD2022120903233,JNE,17148,98357,0733272201176996,REG23,,
4693,TRD2022121007306,JNE,17148,98364,0733272201181350,REG23,,
4775,TRD2022121205822,JNE,17148,98311,0733272201191433,REG23,,
4788,TRD2022121303066,JNE,17148,98364,0733272201193975,REG23,,
4790,TRD2022121303220,JNE,11450,98311,0136932200451590,REG23,,
4817,TRD2022121402048,JNE,17148,98311,0733272201197570,REG23,,
4825,TRD2022121402120,JNE,17148,98364,0733272201197885,REG23,,
4835,TRD2022121402278,JNE,11450,98311,0136932200454255,REG23,,
4839,TRD2022121402399,JNE,17148,98364,0733272201199501,REG23,,
4889,TRD2022121503474,JNE,17148,98364,0733272201203204,REG23,,
4921,TRD2022121602834,JNE,17148,98311,0733272201207403,REG23,,
4924,TRD2022121603063,JNE,17148,98311,0733272201207841,REG23,,
4959,TRD2022121605186,JNE,11450,98311,0136932200466333,REG23,,
4963,TRD2022121605220,JNE,11450,98357,0136932200466705,REG23,,
5041,TRD2022121905328,JNE,17148,98364,0733272201220323,REG23,,
5045,TRD2022121905415,JNE,17148,98364,0733272201221016,REG23,,
5053,TRD2022121905545,JNE,17148,98364,0733272201222410,REG23,,
5096,TRD2022121907453,JNE,45556,98364,2534902200970638,REG23,,
5097,TRD2022121907463,JNE,45556,98357,2534902200970737,REG23,,
5174,TRD2022122202493,JNE,17148,98311,0733272201225876,REG23,,
5269,TRD2022122304806,JNE,17148,98311,0733272201233896,REG23,,
5273,TRD2022122304867,JNE,17148,98364,0733272201234449,REG23,,
5291,TRD2022122403516,JNE,17148,98311,0733272201236840,REG23,,
5305,TRD2022122403899,JNE,17148,98364,0733272201237467,REG23,,
5307,TRD2022122403925,JNE,17148,98364,0733272201237541,REG23,,
5317,TRD2022122404650,JNE,17148,98364,0733272201238960,REG23,,
5355,TRD2022122604919,JNE,17148,98364,0733272201242749,REG23,,
5358,TRD2022122604938,JNE,17148,98364,0733272201242897,REG23,,
5382,TRD2022122605407,JNE,17148,98364,0733272201243689,REG23,,
5424,TRD2022122606459,JNE,45556,98311,2534902200983730,REG23,,
5437,TRD2022122606945,JNE,17148,98364,0733272201249603,REG23,,
5472,TRD2022122704288,JNE,17148,98364,0733272201252797,REG23,,
5481,TRD2022122705018,JNE,17148,98364,0733272201255071,REG23,,
5492,TRD2022122705166,JNE,17148,98357,0733272201256343,REG23,,
5501,TRD2022122705299,JNE,17148,98364,0733272201253431,REG23,,
5533,TRD2022122706616,JNE,17148,98311,0733272201258646,REG23,,
5569,TRD2022122804429,JNE,80117,86519,0532932200018605,REG23,,
5581,TRD2022122806592,JNE,17148,98364,0733272201262358,REG23,,
5589,TRD2022122806668,JNE,17148,98364,0733272201262812,REG23,,
5677,TRD2022122905701,JNE,11450,98364,0136932200490762,REG23,,
5679,TRD2022122905718,JNE,11450,98364,0136932200490895,REG23,,
5691,TRD2022122907729,JNE,17148,98311,0733272201275129,REG23,,
5745,TRD2022123008026,JNE,17148,98364,0733272201279535,REG23,,
5767,TRD2022123105706,JNE,17148,98364,0733272201284212,REG23,,
5789,TRD2022123106081,JNE,17148,98311,0733272201285888,REG23,,
5801,TRD2022123106452,JNE,17148,98311,0733272201288148,REG23,,
5813,TRD2022123106758,JNE,17148,98364,0733272201289427,REG23,,
5853,TRD2023010208191,JNE,17148,98357,0733272300000527,REG23,,
5870,TRD2023010208436,JNE,17148,98364,0733272300000964,REG23,,
5876,TRD2023010208480,JNE,17148,98311,0733272300001285,REG23,,
5879,TRD2023010208572,JNE,17148,98357,0733272300002291,REG23,,
5881,TRD2023010208577,JNE,17148,98311,0733272300002390,REG23,,
5903,TRD2023010210718,JNE,17148,98364,0733272300003679,REG23,,
5908,TRD2023010210791,JNE,17148,98364,0733272300004511,REG23,,
5910,TRD2023010210814,JNE,17148,98364,0733272300004750,REG23,,
5923,TRD2023010211994,JNE,17148,98364,0733272300006722,REG23,,
5991,TRD2023010307342,JNE,17148,98364,0733272300011219,REG23,,
5999,TRD2023010307580,JNE,17148,98357,0733272300012563,REG23,,
6001,TRD2023010307629,JNE,17148,98311,0733272300012985,REG23,,
6042,TRD2023010405555,JNE,45556,98364,2534902300004908,REG23,,
6068,TRD2023010409028,JNE,17148,98364,0733272300016630,REG23,,
6146,TRD2023010506398,JNE,17148,98364,0733272300025524,REG23,,
6185,TRD2023010511859,JNE,17148,98311,0733272300029062,REG23,,
6190,TRD2023010511944,JNE,17148,98364,0733272300029732,REG23,,
6253,TRD2023010604532,JNE,45556,98364,2534902300010442,REG23,,
6255,TRD2023010604540,JNE,45556,98364,2534902300010277,REG23,,
6344,TRD2023010706140,JNE,17148,98364,0733272300036679,REG23,,
6352,TRD2023010706205,JNE,17148,98364,0733272300037230,REG23,,
6433,TRD2023010909577,JNE,17148,98311,0733272300042206,REG23,,
6435,TRD2023010909587,JNE,17148,98364,0733272300043147,REG23,,
6460,TRD2023010910048,JNE,17148,98364,0733272300046371,REG23,,
6497,TRD2023010911792,JNE,45556,98364,2534902300016308,REG23,,
6499,TRD2023010911815,JNE,45556,98357,2534902300016720,REG23,,
6501,TRD2023010911820,JNE,45556,98364,2534902300016381,REG23,,
6594,TRD2023011105458,JNE,17148,98364,0733272300055059,REG23,,
6595,TRD2023011105473,JNE,17148,98311,0733272300055315,REG23,,
6680,TRD2023011204559,JNE,17148,98364,0733272300061560,REG23,,
6725,TRD2023011206527,JNE,45556,98311,2534902300021837,REG23,,
6726,TRD2023011206528,JNE,45556,98364,2534902300021811,REG23,,
6799,TRD2023011304525,JNE,17148,98364,0733272300071346,REG23,,
6853,TRD2023011404434,JNE,17148,98364,0733272300075099,REG23,,
6872,TRD2023011404807,JNE,17148,98311,0733272300077319,REG23,,
6940,TRD2023011606408,JNE,45556,98364,2534902300028121,REG23,,
6941,TRD2023011606413,JNE,45556,98311,2534902300028626,REG23,,
6968,TRD2023011607523,JNE,45556,98364,2534902300029301,REG23,,
6978,TRD2023011611348,JNE,11450,98311,0136932300032407,REG23,,
7034,TRD2023011703618,JNE,45556,98364,2534902300030986,REG23,,
7036,TRD2023011703640,JNE,45556,98364,2534902300031414,REG23,,
7076,TRD2023011704774,JNE,17148,98357,0733272300090635,REG23,,
7078,TRD2023011705765,JNE,17148,98357,0733272300090999,REG23,,
7094,TRD2023011803192,JNE,17148,98364,0733272300092516,REG23,,
7099,TRD2023011803255,JNE,17148,98364,0733272300092631,REG23,,
7198,TRD2023011904686,JNE,45556,98364,2534902300036207,REG23,,
7200,TRD2023011904701,JNE,45556,98311,2534902300036306,REG23,,
7268,TRD2023012004037,JNE,45556,98311,2534902300038005,REG23,,
7303,TRD2023012104548,JNE,45556,98311,2534902300039656,REG23,,
7313,TRD2023012104712,JNE,45556,98364,2534902300039862,REG23,,
7338,TRD2023012105117,JNE,45556,98311,2534902300040985,REG23,,
7340,TRD2023012105649,JNE,17148,98364,0733272300107397,REG23,,
7408,TRD2023012306053,JNE,45556,98364,2534902300041702,REG23,,
7410,TRD2023012306096,JNE,45556,98357,2534902300042601,REG23,,
7411,TRD2023012306097,JNE,45556,98357,2534902300042510,REG23,,
7413,TRD2023012306125,JNE,45556,98357,2534902300042361,REG23,,
7414,TRD2023012306132,JNE,45556,98311,2534902300041942,REG23,,
7432,TRD2023012306425,JNE,45556,98311,2534902300042932,REG23,,
7459,TRD2023012404647,JNE,17148,98364,0733272300113726,REG23,,
7483,TRD2023012405200,JNE,17148,98364,0733272300115655,REG23,,
7493,TRD2023012406088,JNE,17148,98364,0733272300116349,REG23,,
7519,TRD2023012503813,JNE,45556,98364,2534902300045869,REG23,,
7530,TRD2023012504019,JNE,45556,98364,2534902300046123,REG23,,
7536,TRD2023012504169,JNE,45556,98357,2534902300046883,REG23,,
7575,TRD2023012506531,JNE,45556,98364,2534902300052584,REG23,,
7683,TRD2023012704044,JNE,45556,98364,2534902300056296,REG23,,
7719,TRD2023012705168,JNE,11450,98364,0136932300066553,REG23,,
7739,TRD2023012803004,JNE,45556,98364,2534902300058391,REG23,,
7769,TRD2023012804882,JNE,17148,98311,0733272300126736,REG23,,
7781,TRD2023012804960,JNE,17148,98357,0733272300127494,REG23,,
7790,TRD2023012805043,JNE,17148,98364,0733272300128500,REG23,,
7795,TRD2023013005946,JNE,45556,98364,2534902300059886,REG23,,
7796,TRD2023013006014,JNE,17148,98311,0733272300132064,REG23,,
7830,TRD2023013007261,JNE,45556,98364,2534902300061148,REG23,,
7834,TRD2023013007321,JNE,45556,98364,2534902300061296,REG23,,
7835,TRD2023013007324,JNE,45556,98357,2534902300061353,REG23,,
7892,TRD2023013008764,JNE,17148,98311,0733272300136958,REG23,,
7897,TRD2023013009418,JNE,17148,98364,0733272300138293,REG23,,
7903,TRD2023013009472,JNE,17148,98311,0733272300137931,REG23,,
7967,TRD2023013106756,JNE,17148,98364,0733272300144838,REG23,,
8003,TRD2023020104075,JNE,45556,98364,2534902300064639,REG23,,
8004,TRD2023020104086,JNE,45556,98364,2534902300064878,REG23,,
8042,TRD2023020106253,JNE,17148,98364,0733272300149498,REG23,,
8043,TRD2023020106270,JNE,17148,98364,0733272300149563,REG23,,
8048,TRD2023020106301,JNE,17148,98364,0733272300149928,REG23,,
8076,TRD2023020204126,JNE,45556,98357,2534902300067087,REG23,,
8096,TRD2023020204584,JNE,45556,98311,2534902300067970,REG23,,
8134,TRD2023020304117,JNE,45556,98357,2534902300068788,REG23,,
8135,TRD2023020304144,JNE,45556,98357,2534902300068895,REG23,,
8165,TRD2023020305951,JNE,45556,98315,2534902300070768,REG23,,
8181,TRD2023020306510,JNE,45556,98364,2534902300071907,REG23,,
8198,TRD2023020402525,JNE,45556,98357,2534902300072632,REG23,,
8199,TRD2023020402530,JNE,45556,98364,2534902300072764,REG23,,
8241,TRD2023020403893,JNE,45556,98357,2534902300074216,REG23,,
8372,TRD2023020608816,JNE,45556,98364,2534902300079835,REG23,,
8424,TRD2023020704412,JNE,45556,98364,2534902300081245,REG23,,
8453,TRD2023020706047,JNE,17148,98364,0733272300176749,REG23,,
8510,TRD2023020809720,JNE,45556,98357,2534902300084629,REG23,,
8547,TRD2023020903917,JNE,17148,98357,0733272300181160,REG23,,
8548,TRD2023020903954,JNE,45556,98357,2534902300085782,REG23,,
8563,TRD2023020904560,JNE,45556,98364,2534902300086624,REG23,,
8570,TRD2023020905506,JNE,45556,98311,2534902300087432,REG23,,
8571,TRD2023020905511,JNE,45556,98364,2534902300087283,REG23,,
8573,TRD2023020905513,JNE,45556,98357,2534902300087424,REG23,,
8615,TRD2023021003453,JNE,45556,98315,2534902300087978,REG23,,
8616,TRD2023021003456,JNE,45556,98364,2534902300087937,REG23,,
8661,TRD2023021004330,JNE,45556,98315,2534902300088687,REG23,,
8664,TRD2023021004740,JNE,17148,98315,0733272300187696,REG23,,
8735,TRD2023021103849,JNE,17148,98315,0733272300189908,REG23,,
8778,TRD2023021104201,JNE,45556,98364,2534902300090774,REG23,,
8876,TRD2023021306129,JNE,45556,98315,2534902300092481,REG23,,
8879,TRD2023021306161,JNE,45556,98315,2534902300092895,REG23,,
8930,TRD2023021307230,JNE,45556,98357,2534902300093976,REG23,,
8980,TRD2023021307809,JNE,11450,98315,0136932300119600,REG23,,
8986,TRD2023021308075,JNE,45556,98315,2534902300094743,REG23,,
8987,TRD2023021308080,JNE,45556,98315,2534902300094859,REG23,,
9024,TRD2023021309573,JNE,17148,98315,0733272300197760,REG23,,
9031,TRD2023021309639,JNE,17148,98315,0733272300198388,REG23,,
9170,TRD2023021406812,JNE,17148,98315,0733272300203139,REG23,,
9222,TRD2023021504223,JNE,45556,98364,2534902300097894,REG23,,
9258,TRD2023021505315,JNE,17148,98364,0733272300205761,REG23,,
9273,TRD2023021505735,JNE,45556,98364,2534902300098934,REG23,,
9333,TRD2023021603816,JNE,45556,98357,2534902300099601,REG23,,
9358,TRD2023021603998,JNE,45556,98364,2534902300100383,REG23,,
9360,TRD2023021604249,JNE,45556,98315,2534902300100524,REG23,,
9455,TRD2023021703421,JNE,45556,98357,2534902300101670,REG23,,
9501,TRD2023021705444,JNE,45556,98357,2534902300102827,REG23,,
9503,TRD2023021705454,JNE,45556,98315,2534902300103064,REG23,,
9511,TRD2023021706150,JNE,17148,98315,0733272300215265,REG23,,
9537,TRD2023021802120,JNE,17148,98364,0733272300216933,REG23,,
9571,TRD2023021802798,JNE,45556,98364,2534902300103528,REG23,,
9575,TRD2023021802827,JNE,45556,98315,2534902300103908,REG23,,
9653,TRD2023022009393,JNE,17148,98364,0733272300221172,REG23,,
9718,TRD2023022010355,JNE,45556,98357,2534902300106406,REG23,,
9724,TRD2023022010407,JNE,45556,98357,2534902300106505,REG23,,
9848,TRD2023022104607,JNE,45556,98315,2534902300108469,REG23,,
9980,TRD2023022204555,JNE,45556,98364,2534902300110713,REG23,,
10108,TRD2023022305584,JNE,17148,98315,0733272300238333,REG23,,
10315,TRD2023022505010,JNE,17148,98364,0733272300247292,REG23,,
10318,TRD2023022505031,JNE,17148,98315,0733272300247524,REG23,,
10401,TRD2023022506120,JNE,17148,98315,0733272300249967,REG23,,
10488,TRD2023022707620,JNE,17148,98357,0733272300252441,REG23,,
10506,TRD2023022708252,JNE,17148,98315,0733272300253415,REG23,,
10517,TRD2023022710815,JNE,17148,98315,0733272300259917,REG23,,
10675,TRD2023022714095,JNE,17148,98364,0733272300266474,REG23,,
10690,TRD2023022714151,JNE,17148,98315,0733272300266987,REG23,,
10758,TRD2023022805913,JNE,17148,98357,0733272300269924,REG23,,
10764,TRD2023022805958,JNE,17148,98364,0733272300271573,REG23,,
10770,TRD2023022805995,JNE,17148,98364,0733272300271474,REG23,,
10884,TRD2023030105422,JNE,17148,98364,0733272300275640,REG23,,
10894,TRD2023030105492,JNE,17148,98364,0733272300275806,REG23,,
10971,TRD2023030106426,JNE,11450,98315,0136932300179281,REG23,,
11019,TRD2023030107696,JNE,17148,98315,0733272300282141,REG23,,
11063,TRD2023030205953,JNE,61253,60256,6833602300003368,REG23,,
11117,TRD2023030208191,JNE,45556,98357,2534902300117601,REG23,,
11122,TRD2023030208230,JNE,17148,98315,0733272300287017,REG23,,
11202,TRD2023030209455,JNE,17148,98315,0733272300289955,REG23,,
11282,TRD2023030307136,JNE,17148,98364,0733272300291480,REG23,,
11285,TRD2023030307141,JNE,17148,98364,0733272300291530,REG23,,
11294,TRD2023030307177,JNE,17148,98315,0733272300291902,REG23,,
11323,TRD2023030307423,JNE,17148,98361,0733272300293510,REG23,,
11362,TRD2023030308781,JNE,17148,98364,0733272300295689,REG23,,
11367,TRD2023030308814,JNE,17148,98364,0733272300296554,REG23,,
11406,TRD2023030405386,JNE,17148,98364,0733272300297305,REG23,,
11580,TRD2023030609276,JNE,11450,98364,0136932300193183,REG23,,
11604,TRD2023030609836,JNE,17148,98357,0733272300303822,REG23,,
11623,TRD2023030609937,JNE,17148,98364,0733272300304465,REG23,,
11731,TRD2023030706306,JNE,17148,98315,0733272300309043,REG23,,
11761,TRD2023030706555,JNE,61253,60197,6833602300005942,REG23,,
11799,TRD2023030708048,JNE,17148,98315,0733272300312674,REG23,,
11806,TRD2023030708076,JNE,17148,98364,0733272300313086,REG23,,
11824,TRD2023030805386,JNE,61253,61256,6833602300006296,REG23,,
11845,TRD2023030805632,JNE,17148,98364,0733272300314175,REG23,,
11893,TRD2023030807675,JNE,17148,98364,0733272300315669,REG23,,
11922,TRD2023030907413,JNE,17148,98315,0733272300316899,REG23,,
11931,TRD2023030907501,JNE,17148,98364,0733272300317343,REG23,,
11940,TRD2023030907662,JNE,61253,60113,6833602300006981,REG23,,
11941,TRD2023030907668,JNE,61253,60294,6833602300007013,REG23,,
11982,TRD2023030908269,JNE,17148,98364,0733272300318622,REG23,,
12020,TRD2023030908634,JNE,17148,98364,0733272300319554,REG23,,
12055,TRD2023031006612,JNE,61253,60179,6833602300007260,REG23,,
12078,TRD2023031006837,JNE,17148,98357,0733272300321295,REG23,,
12212,TRD2023031106125,JNE,17148,98315,0733272300325189,REG23,,
12241,TRD2023031107247,JNE,17148,98315,0733272300326211,REG23,,
12247,TRD2023031107666,JNE,61253,61256,6833602300008417,REG23,,
12262,TRD2023031308471,JNE,17148,98315,0733272300329090,REG23,,
12322,TRD2023031309943,JNE,61253,61256,6833602300008805,REG23,,
12336,TRD2023031310136,JNE,61253,60127,6833602300009480,REG23,,
12337,TRD2023031310142,JNE,61253,68485,6833602300009100,REG23,,
12344,TRD2023031310340,JNE,17148,98357,0733272300331203,REG23,,
12347,TRD2023031310351,JNE,17148,98357,0733272300331252,REG23,,
12349,TRD2023031310356,JNE,17148,98315,0733272300331054,REG23,,
12377,TRD2023031310616,JNE,17148,98364,0733272300331898,REG23,,
12433,TRD2023031311782,JNE,17148,98364,0733272300334215,REG23,,
12434,TRD2023031311793,JNE,17148,98315,0733272300334447,REG23,,
12436,TRD2023031311797,JNE,17148,98364,0733272300334439,REG23,,
12482,TRD2023031405394,JNE,17148,98364,0733272300336152,REG23,,
12486,TRD2023031405435,JNE,17148,98315,0733272300336467,REG23,,
12494,TRD2023031405481,JNE,17148,98357,0733272300336616,REG23,,
12517,TRD2023031405823,JNE,11450,98364,0136932300208536,REG23,,
12529,TRD2023031405863,JNE,11450,98364,0136932300208791,REG23,,
12607,TRD2023031512585,JNE,45556,98364,2534902300124201,REG23,,
12632,TRD2023031512974,JNE,61253,61256,6833602300011049,REG23,,
12661,TRD2023031513381,JNE,17148,98315,0733272300341558,REG23,,
12691,TRD2023031513885,JNE,17148,98364,0733272300341996,REG23,,
12739,TRD2023031605147,JNE,17148,98364,0733272300344305,REG23,,
12795,TRD2023031606218,JNE,11450,98364,0136932300211092,REG23,,
12808,TRD2023031606467,JNE,17148,98364,0733272300345724,REG23,,
13350,TRD2023040804599,JNE,45556,98364,2534902300139035,REG23,,
13364,TRD2023041202329,JNE,17148,98364,0733272300370680,REG23,,
13370,TRD2023050508549,JNE,17148,98364,0733272300372892,REG23,,